"Emblemática avenida principal de Madrid, es muy bonita recorrela y ver los innumerables locales comerciales. Mucho más linda a la noche que se aprecia todo su explendor con la iluminación de las fachadas."
"Hermosa avenida, un emblema de la ciudad de Madrid. Súper transitada, a lo largo de la misma llena de tiendas, restaurants de todo tipo, cafeterías, hoteles, estaciones de metro, y rodeada de una espléndida arquitectura y majestuosos edificios blancos. Una visita obligada para disfrutar y caminar, aunque no muy recomendable en verano por el calor y ya que no hay nada de sombra."
"Excelente de las principales atracciones de la. Cuidad de Madrid la infraestructura es algo que resalta del todo muy hermosa consigues todas las tiendas más importante a nivel nacional e internacional así como restaurantes, hoteles, teatros y mucho más..."
"Gran Vía es una estación de las líneas 1 y 5 del Metro de Madrid ubicada bajo la Gran Vía, en el distrito Centro, bajo la Red de San Luis, plazuela donde confluyen la Gran Vía y las calles de Fuencarral, Hortaleza y Montera. Tras la reforma y reapertura en Julio 2021 la estación se ha modernizado bastante y junto a ella la calle Montera en la superficie."
"La conexión entre líneas en perfecta, llegué desde Atocha en la liendres 1 (azul claro) y tuve que cambiar a la línea 5 (verde) para poder llegar hasta la estación de Suanzes, todo super sencillo y rápido, bien señalizado y sin complicaciones. Muy buena opción para moverse por Madrid sin tener que sufrir el tráfico rodado."
"Populosa vía española, muy concurrida por turistas de muchos países, hoteles fabulosos, locales de comida exquisita, y edificios con hermosas fachadas."
"Cerrada durante 2 años o más, ha reabierto recientemente. Aparentemente muy bonito. Incluso una mini Expo con cosas halladas durante la reforma. Llama la atención que no hayan puesto escaleras mecánicas en el primer tramo, desde el andén de L1. Eso hace que las sillitas de bebé se suban entre dos. Luego di que hay mecánicas en el resto de tramos."
"Esto sí que es la esencia de Madrid, con sus edificios monumentales, zonas peatonales, comercios de todo tipo y la palpitante vida de la capital. Gran Vía, de día, de noche, con frío o calor: impresionante"
"Como en todo el Metro, faltan baños públicos vigilados para el uso de los Madrileños que lo necesiten cuando lo usamos. A mí no me importaría pagar por su uso, pero que existan. La nueva estación restaurada y su museo de cosas encontradas en las obras está muy bien."
"Siempre viva, la gran vía acoge a turistas y residentes, envuelta en un sin fin de flashes y luces, de ruido y sonido de ciudad. Si no has pasado por Gran Vía, no has estado en Madrid."
"Un sitio inhóspito, lleno de comercios, hoteles, granito y zonas grises falta arbolado, falta verde falta luz. Una vergüenza la tendencia que hay en el Ayuntamiento cada vez ciudades más grises y desagradables para la convivencia"
"La arteria con más vida de todo Madrid. Llena de teatros, comercioss, restaurantes y algunos de los edificios emblemáticos de Madrid. Siempre está llena de gente y se celebran algunos acontecimientos importantes. Paseando por sus calles llegarás a la plaza de Callao o la plaza de España."
"Una estación que necesitaba una remodelación urgente. Se ha convertido en una bonita y moderna estación de metro, unida con la puerta del sol por debajo de tierra, ahora es accesible para todo el mundo. Tienes la línea 5 y la línea 1."
"La remodelación de la nueva estación marca un antes y un después en metro. El uso de las pantallas, los nuevos y futuristas tornos, y sobre todo la recuperación del Templete de acceso de Antonio Palacios son los puntos fuertes de la reinaugurada estación de Gran Vía."
"Los andenes de la línea 1 fueron abiertos al público en 1919 con el nombre de Red de San Luis al inaugurarse el servicio de metro en la ciudad. No existía todavía como tal la Gran Vía, pero un año después adoptó ese nombre. Durante la dictadura de Franco se cambió el nombre de la estación por el de José Antonio al igual que se había cambiado el nombre de la Gran Vía por Avenida de José Antonio (en alusión a José Antonio Primo de Rivera). El 26 de febrero de 1970 se inauguraron los andenes de la línea 5 directamente con el nombre de José Antonio, siendo puestos en servicio el lunes 2 de marzo del mismo año, y 14 años más tarde, en 1984, la estación retomó el nombre de Gran Vía. Durante muchos años la imagen de esta estación fue la del templete que albergaba los ascensores, obra del arquitecto Antonio Palacios. Era de granito pulimentado y tenía una marquesina de hierro y cristal. Para utilizar el ascensor había que pagar unos céntimos. El vestíbulo original, también obra de Palacios, estaba decorado con azulejos. Cuando se desmanteló el templete en 1972 se trasladó a Porriño(Pontevedra), pueblo natal del arquitecto. Actualmente hay un proyecto para instalar una réplica."
"Calle más famosa de Madrid, lugar perfecto para salir a pasear ya sea en pareja o con la familia, tiene muchísimos sitios para tomar algo tranquilamente en terraza o dentro de los locales. Tiene una gran variedad de tiendas desde primark, zara, mango, primor, etc... con unas vistas espectaculares de noche con la mítica schweppes de fondo y sus miradores que alcanza a ver toda esta ciudad maravillosa."
"Lugar de referencia en las visitas a Madrid, sobre todo una vez que se ha abierto de nuevo la estación de Metro con el monumental templete que reproduce el original diseñado por el arquitecto Antonio Palacios. En su homenaje, foto de las obras en los días previos a su inauguración."
"La vida más intensa que se puede tener es en la gran vía. Mezcla de todo el mundo cada quien su vida y un caos realmente muy agradable."
"Gran estación maravillosa moderna accesible perfecta la última tecnología unión entre líneas 1 y 5 de metro además de cercanías"
"Espectacular...las tiendas de marca más famosas."
"Lindos edificios a lado y lado de la vía. Una combinación sutil entre la modernidad y lo antiguo, para un estudiante o amante de la arquitectura esta GranVía es el lugar perfecto para desarrollar nuevas  ideas de edificación."
"Una estación de metro hermosa en el corazón de Madrid (recién remodelada por lo que vi), las calles aledañas llenas de tiendas y toda la mezcla de cultura es exquisito, me encantaría volver a Madrid."
"Muy buena estación de metro, teniendo más aún en cuenta que es un punto de entrada de extranjeros a Madrid"
"Una calle ideal para comprar o para tomar algo con amigos. Los fines de semana suele estar muy llena así que recomiendo más ir entre semana y si puede ser no en época turística. La arquitectura es preciosa, aquí encontrarás algunos de los edificios más emblemáticos de Madrid."
"Parada céntrica del metro de Madrid , ¿quién no ha estado en Gran Vía? Zona obligatoria para turistas para empaparse del centro de Madrid , tiene mucha vida. Zona comercial , de ocio y restauración. Hay que darse un buen paseo por esta zona."
"La emblemática Gran Vía de Madrid. Un lugar que conecta con todos los lugares turísticos de la ciudad. Lo recomendo como primera parada en su primera vez en Madrid o España"
"Calle emblemática de Madrid que aún conserva gran parte de teatros y cines clásicos además de estar llena de tiendas comerciales y lugares para comer con una gran variedad de unos y otros. Está muy bien comunicada con el metro con las líneas 5 y 1 pegada a Callao, estando esta justo en frente. Se recomienda no ir en coche y más si no es uno que puedan multar por entrar en zona restrictiva."
"Genial para ir a pasear."
"El corazón de Madrid, la calle principal, la gente, los comercios, los cines y teatros, librerías, bares y restaurantes, edificios emblemáticos, todo esta en esta calle, visita obligada para todos, sencillamente porque aquí es donde entenderás lo que se vive y se siente en la capital. Aquí te entraran las ganas de volver a disfrutar de ella y comenzaras a buscar fechas para tu retorno. Para los que la tenemos a diario aun con su bullicio y sus aceras repletas, la gran vía es la bandera de nuestra ciudad, el símbolo de sus edificios espectaculares y esculturas escondidas entre las azoteas. Disfrutala. Disfruta Madrid, claro que si."
"Punto muy apropiado para apreciar historia, y por que no detenerse a escuchar musica llanera colombiana."
"Mi lugar favorito para caminar a cual hora del día"
"Es una de las principales arterias de Madrid, muy bulliciosa, con muchas tiendas, restauración y espectáculos. Siempre tiene mucha vida, pero hay que andar con cien ojos porque también hay mucho ladrón. Es un lugar para perderse entre la gente y las callejuelas, y si estás de visita no te puedes ir sin verla."
"Si visita España no puede dejar de visitar estos lugares"
"Gran cambio el de la calle Montera cuyo inicio preside ahora está espectacular entrada de metro (al más puro estilo de Gotham )…"
"Espectacular la vista en época navideña, los juegos de luces, el árbol y las proyecciones en los edificios de la Avenida Gran Vía, hacen que sea un encuentro imperdible en la visita a Madrid en esta temporada de invierno en fin de año. Muy recomendable ir preparado para largas caminatas por el centro de la ciudad."
"Preciosa estación sobretodo desde su última reforma en la que han dejado una mini exposición de su historia. Además de un acceso llamativo a las plataformas. Aunque a muchos no les guste, la marquesina madrileña es sencilla y con encanto."
"Muy comercial y exclusivo viajamos por las europeas..España"
"De día y de noche hay vida en este lugar, mucho movimiento de gente y gran ambiente alrededor, hay restaurantes y lugares para todos los gustos. Facilidad para transportarse , preferiblemente recomiendo usar metro que otro transporte ya que va más fácil y menos atasco."
"Con la boca de metro recién restaurada, ahora será más  que Gran Via.…"
"Una parada de metro que conecta la Gran vía por la parte trasera(para mi), es bastante moderna comparando con otras y con subir llegas a la calle donde están todas las tiendas"
"Uno de las maravillas de madrid."
"Lugar emblemático de Madrid. Majestuoso y hermoso. Visita obligada de todos los visitantes."
"Al llegar a Gran Via, te encuentras con variedad de tiendas y turistas variados, con abundante afluencia en esta época decembrina, de noche es una sensación agradable de luces de colores que decoran las vías y calles."
"Una de las principales arterias madrileñas. Siempre una maravilla y pletórica de actividades culturales y ocio, locales para tomar algo, tiendas, etc. Tambien un verdadero museo al aire libre de fachadas aristocráticas. Hoy la encontré como una gran olla a presión de algazara y bullanga con la manifestación colombiana sobre la sangrante, intolerable e insostenible situación dramática que vive el país de clima de Guerra Civil."
"Vale la pena recorrer esta avenida tan emblemática de Madrid. Es mágico  poder recorrerla y ver tu trajín. Hay buenos bares y lugares para pasar el rato. Esta bien conectada con los metros y buses. Es muy segura."
"Reabierta ya otra vez. Ha quedado muy bien. Muy interesante el túnel que enlaza con Sol, cercanías y metro, se recorre en menos de 5 minutos y es toda una obra de ingeniería. El templete de entrada en la Red de San Luis también ha quedado muy bien. Lo único que no me convence es la señalización. He visto a unos cuantos literalmente desesperarse intentando llegar donde pretendían."
"Es una avenida muy bien mantenida, emblematica con fachadas tipicas del esplendor del siglo paado y más. Fue remodelada hace muy poco. Es muy comercial y un excelente paseo para turistas y madrileños. Posee gran variedad de comercios y servicios."
"Sitio histórico e  imprescindible de Madrid, en navidad todavía más."
"Calle principal ge Madrid"
"Céntrica calle desde la plaza de España hasta la Cibeles. Lugar siempre llena de turistas"
"Un lavado de cara muy bonito, al menos en la zona de los vestíbulos (tornos nuevos, los accesos limpios y bien cuidados, la exposición a lo largo de las rampas de acceso muy interesante...) Lástima no haber podido bajar en el ascensor principal donde la réplica del templete que, por cierto, ha quedado espectacular."
"Se ha quedado bastante bien tras la reforma, la estación más moderna del sistema. Me gustaría si anunciaran cuando vienen los metros más."
"Calle viva a todas horas"
"Zona mas centrica de Madrid imposible,lleno de gente, teatros ,mucha variedad de restaurantes y tiendas de lujo.todo bastante limpio,zona de turistas"
"Adoro mi cuidad. Sobretodo cuando se une para luchar por los derechos mujeres …"
"Es un lugar excelente para pasear, ver aparadores, disfrutar de sus hermosas construcciones, ir a beber o comer algo, y también ir de compras. Se  divierte uno mucho. Es un paseo que no te puedes perder si vas a Madrid."
"Una de las avenidas más turísticas en Madrid."
"Esta estación nos deja en la Red de San Luis, cerca de la Fundación Telefónica, primer rascacielos de España."
"La Gran VIa es ideal para pasear por sus amplias aceras e ir de shopping. Hay multitud de restaurantes, cafeterías, teatros, cines. No falta de nada"
"Centro de madrid Gran Vía un sitio para visitar majestuosa arquitectura en sus edificios ! Encontrarás las Mejores Marcas en Ropa, zapatos todo en general para verte hermos@"
"Tiendas, todas las que quieras, primeras marcas y muchas más, cines, musicales, muchos sitios para comer o tomar algo, celebraciones de eventos en plaza Callao o plaza España.....edificios en su mayoría con tachadas muy bonitas y trabajadas, con bonitos balcones y tejados de cúpulas con estatuas, recuerdos del esplendor de esa vía, donde las mejores familias de entonces tenían su residencia"
"Me ha gustado está todo muy nuevo , tiene ascensor para metro y Renfe"
"Es el ""Todo ""Madrid""  la arteria comercial por antonomasia de nuestra capital ,nuestro  mejor escaparate ,alli podras disfrutar de la mañana a la noche de un gran ambiente y sin salir de ella hacer tus compras degustar los platos mas tipicos acudir a su Casino o a uno de los musicales estelares del momento"
"Imperdible para pasear, comprar, comer, ir a teatros, cines, vivir la ciudad! En la gran vía está todo. El corazón de Madrid. Lo único triste es que año a año se ve más gente durmiendo en la calle."
"Tiene 3 salidas a la superficie, bien comunicadas, 2 en la Gran Vía (Una justo al lado del edificio Telefónica y otro al McDonald's) y una en la calle montera. No tiene ascensores. La estación es antigua pero los vestíbulos son amplios."
"Estación de metro de la línea 1 y 5. La estación tras las obras de modernización que terminaron en 2021 ha quedado muy bien. Han construido un templete, recreando el que había en su época. El antiguo templete se sitúa en un pueblo de Galicia y esta en mal estado. Las obras de modernización fueron lentas porque se encontraron restos importantes tanto de la ciudad como del metro. Encontraron el viejo ascensor construido por Antonio Palacios. Tras estas obras se decidió que el metro albergara un museo donde se expusiera todos los restos hallados. El museo es gratuito y se sitúa en la segunda planta. Saliendo o entrando al metro se puede contemplar la pequeña exposición."
"No te aburres paseando por Gran Vía, lugar en el que encuentras siempre cosas que hacer y visitar, espacios en los que entrar y buenos sitios donde comer y beber."
"Bellísima"
"Es genial para caminar. He empezado por Chueca hasta llegar a Gran Vía y es fascinante la cantidad de cosas que se pueden encontrar en las diversas tiendas"
"Una de las calles más grandes y características de Madrid, llena de tiendas, restaurantes y cines. Los edificios son realmente bonito y por fuera muy cuidados."
"La estación de Metro continua cerrada durante muchos meses, las aceras son ideales para pasear aunque a tener un bordillo bajo los coches salpican agua a la acera cada vez que llueve las alcantarillas fueron tapadas con su ultima reforma siendo alcaldesa Manuela Carmena"
"Te enamoras de Madrid por esta avenida llena de Historia Arte y vida!! Se te abren las puertas de los sueños hacia el futuro. Y mola la fuerza que te da. ⚘…"
"Me gusta muchísimo que han recreado la entrada que había antiguamente"
"Intento enviar corrección a Google, pero no me deja por las opciones. Estación cerrada hasta abril de 2019."
"Me encanta un lugar en pleno centro de Madrid , sin duda cada vez que voy es un nuevo dia , su gente , sus calles y la vida que llena madrid de gente de otros paises"
"Está cerrada hasta mediados de 2019 . Van a cambiar la accesibilidad para conectar la estación con el cercanías de Sol. No hace paradas . Puedes bajarte en Callao (líneas 3 y 5) o Sol (líneas 1 2 y 3) y recorrer la calle Montera para llegar a Gran Via"
"Impresionante con la decoración navideña en el Naviluz"
"Extremadamente mal,  que no se vigile el ascensor y se prohíba su uso a personas que no lo necesitan me parece inconcebible, 20 minutos a pleno sol esperando poder coger el ascensor con mi pareja que tiene movilidad reducida me parece una falta de respeto, debería estar controlado y su uso prohibido a personas que no lo necesitan, que bajen por las escaleras que para eso están, el ascensor es para la gente que lo necesita obligatoriamente."
"La estación ha reabierto tras los trabajos de ""mejora"" de más de tres años. Han recuperado la idea original del templete de Antonio Palacios para el ascensor, que no el templete que está en Porriño, localidad natal de Palacios. Además han musealizado algunos de los restos arqueológicos que se han encontrado en las últimas reformas. Ahora tiene enlace con la estación de Cercanías de Sol pero no con la estación de metro de Sol, vete tú a saber la razón de este sinsentido."
"Magnífica avenida llena y repletas de tiendas y sitios donde picar algo siempre llena de gente llena de vida y de color un buen sitio para coger el impulso de la ciudad y tomar conciencia que es la capital de Madrid recomiendo pasear por esta avenida y enviarte de su magia"
"Gran Vía es otro icono de la Ciudad de Madrid. Allí verás y encontrarás todo tipo de representaciones, locales variados y mucha pero mucha gente."
"caminar esta gran via cada vez ha sido una experiencia distinta y satisfactotia, su vida, alegria, luces, colores, diversidad son de esas cosas que se deben vivir, recomiendo recorrerla caminando para explorar cada lugar del recorrido"
"Gran vía calle muy concurrida y agradable de recorrer en el centro de la ciudad de Madrid"
"arteria principal repleta de comer y como mucha gente, podés caminar tranquilo hay policía por todos lados, eso sí tampoco seas un extravagante tentador para los chorros"
"Preciosa cómo han dejado la estación de metro y más con la iluminación que se ve de noche. Si llegaste hasta aquí deja tu like, ;). Feliz día."
"Ha cambiado con el paso de los años. Se agradece el menor tráfico de vehículos y que sea más peatonal. Sorprendido de ver el paso de cebra más grande de España."
"Muy bonita adornada con la navidad pero muchísima gente"
"calles llenas de vida y con muchas cosas para hacer, perfecto para pasar el dia tranquilamente"
"Una de las estaciones de metro más céntricas y turísticas de la ciudad, y lleva años cerrada por reformas. Diría que se echa de menos, pero ya ni se cuenta con ella. Por lo menos las paradas de alrededor están bastante cerca."
"Hermosa 6 con gran variedad de establecimientos para visitar"
"IMPRESIONANTE MUSA DE CANCIONES, PINTURAS, PELÍCULAS. EMBLEMÁTICA Y MODERNA. SU NOMBRE ES SOLAMENTE DESDE1982. DESDE LA CALLE ALCALÁ A LA PLAZA ESPAÑA. ES DE LAS PRINCIPALES CALLES ESPAÑOLAS. LLENÁ DE COMERCIOS, OCIO Y TURISMO. ES UNA AMPLIA AVENIDA, CON MUCHA HISTORIA...DESDE CORRIDAS DE TOROS 1928. A 1862 CUANDO SE REMONTA... SUS COMIENZOS.SE INAUGURA 1924. YA CASI CON UN SIGLO DE HISTORIA.CON TANTAS EDIFICACIONES DE RENOMBRE. Y LLENA DE AZOTEAS QUE HACEN REALIDAD EL DICHO : ""DE MADRID AL CIELO"". #googlenewexpert #googleart #teampixel #localguidesconnect #letsguide #madrid  #visitorinfluencer #madridcity #spaincity"
"Una pasada. Han hecho un gran trabajo en la remodelación"
"Visitamos la tienda de Movistar en la Gran Vía, donde pudimos apreciar exposición de trofeos de la selección de España, Campeonato del Mundo 2008 y Eurocopa 2010. Y exhibición de behind scene 360° del Musical del obra Rey León !"
"La estación está cerrada hasta abril de 2019, pero Google sigue listándola tanto para ascender y descender del metro como para hacer correspondencias. No existe opción en Google Maps de ""cerrado temporariamente"". La he reportado como ""cerrado permanentemente""."
"Muy limpio.Mucha gente"
"Un clásico de Madrid"
"Es una zona muy transitada pero agradable,  con buenas terrazas para tomar algo"
"Ver los comentarios de la gente expresando opiniones políticas en una ficha de Google es algo que no entenderé nunca. Al margen de eso, es la parada de metro habitual que cojo muchos días, y veo que últimanente está más limpia, lo cual es de agradecer."
"Cada fin de semana hay actividades en Gran vía. El centro de Madrid que no debes perder de conocer"
"La estación está cerrada y eso afecta NEGATIVAMENTE a los trayectos recomendados por Google Maps. Por favor, quitadla hasta que terminen las obras. A día de hoy, diciembre de 2019, aún no hay fecha de finalización..."
"Un ¡GRAN FOLLÓN! Gracias Sra Alcaldesa por complicarnos tanto la vida a todos - y además con el dinero de los contribuyentes. Es INCREÍBLE los que se está haciendo con tanta impunidad."
"Mi lugar favorito de Chueca,la atención de Robert,Carlos, Eduardo,Anthon,Jefferson y José son extraordinario Volveré una vez más Gracias chicos."
"Estación de metro céntrica y bien comunicada en pleno centro de Madrid. Debería mejorar la accesibilidad a la estación y la limpieza de la misma. Deben reformarla."
"Que abran ya. Me parece excesivo tanto tiempo para “remodelar” una estación de metro. Además, seguro que cuando vuelvan abrir no habran hecho nada. Como otras veces. (Linea 1, 10, 6..."
"Me encanto! Un lugar para visitar con una larga fila de tiendas de todos tipo."
"Estación de metro Gran Vía CERRADO hasta Abril 2019. Tomar en cuenta al viajar. Gran Vía train station CLOSED until April 2019. Bear in mind when traveling."
"Calle principal de Madrid muchos comercios, teatros y comida espectacular."
"Poned aire acondicionado en los metros. Que se os paga para dar unos servicios"
"Experiencia Única de belleza, entretenimiento, paseos, compras, facilidades de movilidad en metro y ómnibus, todo un lugar para un capricho, ésa es la Gran Vía"
"Excelente  via muy comercial"
"Centro neuralgico de la ciudad. Mezcla de gentes. Comercial, bulliciosa. Zonas de ocio. Cines. Restauración. Teatros. Atascos. Para gente a la que le gusta la gente. Tiquismiquis abstenerse."
"Uno de esos lugares emblemáticos de Madrid, nace la calle Fuencarral, Montera y la Gran Vía en todo su esplendor"
"Avenida espectacular, muchos comercios, edificios con arquitectura estupenda. Excelente para pasear, comer y pasar el día."
"Madrid está muy bonito"
"La segunda (o primera?) mejor zona de compras, fast food, copas, cines(con los protagonistas en vivo en los estrenos), musicales, centros comerciales, la plaza Callao que acoge muchos eventos, mas?…"
"Espectacular calle llenas de tiendas bares,hoteles, vamos para no aburrirte me encanto"
"La estación de metro de Gran Vía lleva cerrada por obras, desde el verano de 2018 y en Google Maps sigue apareciendo como operativa"
"La nueva estación de Metro de Gran Vía ha quedado muy moderna y bonita, con mucha facilidad de acceso a los usuarios."
"Buena zona para pasear, hacer fotos, ver a los artistas callejeros y comerse una hamburguesa en los 20000 establecimientos que rodean el metro …"
"La historia del Madrid moderno. Cines, teatros, tiendas. Pasearla es vivirla."
"Buen ambiente. Aunque mucha gente"
"Calle con muchísimo ambiente. Merece la pena visitarla especialmente en navidad. Multitud de locales para comer algo o acudir a espectáculos."
"Que bonita estación"
"Súper lugar pintoresco por sus calles i su gente.. Amo Madrid.. Pd/ Calle GRAN VÍA"
"Es la gran vía de Madrid, en pleno corazón de la capital española!"
"Cada vez más bonita. La entrada nueva del metro es muy bonita"
"Calle con bonitos edificios, bien conservados, con muchos comercios y aceras amplias para pasear."
"Solo dos palabras GRAN VIA de Madrid, mamma mia, corazón latente de mi pueblo MADRID. Hoy en metro Gran Via en directo Piranha"
"Muy bonita calle de madrid. Lugar que alberga la historia de toda España."
"Esta estación está en obras hace 3 años por lo menos. Actualizad por favor. Un saludo"
"Años viviendo en Madrid, y todavía me conmuevo ante la belleza de la noche en Gran Vía"
"Hermoso lugar"
"Siempre me ha gustado Gran Vía, por su ambiente y tiendas."
"Buena Zona, Limpia, Concurrida, Una Ciudad que No Duerme, cada cuál en su Ambiente de Tranquilidad y Felicidad"
"Tras su reapertura,  es de las más modernas estaciones del metro de Madrid."
"La estación continúa cerrada por refacciones. Google Maps no la registra como cerrada y ofrece combinaciones con esta estación. Tengan esto en cuenta!"
"Google debería corregir las rutas en metro, ya que Gran Vía permanecerá cerrada hasta mediados de 2019."
"Solamente decir que nadie debería irse de este mundo sin pisar la Gran Vía madrileña."
"Una calle para pasear, comprar, comer..... Un placer recorrer esta arteria madrileña"
"Metro gran vía muy amplia justo en el corazón de gran vía amplio y acceso a todas las zonas de esa avenida, por ahora en remodelacion"
"Imperdible en Madrid... Siempre con buena energía."
"Desde que la arreglaron perfecta  !!!!"
"Importante avenida. Muchas tiendas y negocios, oficinas y edificios comerciales y estatales."
"Edificios modernistas. Una zona para ver. Mucha gente"
"bochornoso más de 3 años con una de las estaciones de Madrid más importantes, lamentable la gestión de la CAM"
"Muchos locales para comprar. Ver obras de teatro. Cines y bares o restaurantes"
"Se ve muy nueva, pero tiene un poco de lío en los trasbordos y conexiones ""asequibles"""
"Hermosísima"
"Un punto clave de Madrid, sería mejor si fuera peatonal, algún día..."
"La gran calle de Madrid"
"Preciosa, muy bonita la han dejado."
"Ojo porque la estación está CERRADA ahora mismo, aunque Google Maps la tome como abierta."
"Hermosa avenida con locales de primeras marcas y excelente atención"
"La estacion de metro se encuentra cerrada hace mas de un año por reparaciones."
"Estación metro Gran Vía cerrado por obras"
"Sitio emblemático de Madrid. Único en invierno y odioso en verano"
"Espectacular la reforma que han hecho "
"Un lugar donde siempre encontrarás ambiente a cualquier hora del dia"
"Buena obra de ingeniería que facilita el transporte"
"Es muy centrica y te deja cerca de todos lados"
"Conociendo la Gran Vía por primera vez."
"hermosa estacion de metro"
"Gran sitio en el centro de Madrid."
"Estación de Metro muy transitada pero le falta más limpieza ."
"Actualmente cerrada, deberían sacarla de las opciones de transporte en el maps"
"La tercera calle más importante de Europa"
"Preciosa con Las luces en Navidad"
"Citio con una amplia variedad de ocio"
"Muy agradable sitio"
"De las calles con más encanto de Madrid"
"Calle enorme y preciosa."
"Bien iluminada."
"Por aqui siempre hay gente"
"De las calles más bonitas del mundo"
"Buen sitio"
"Con ganas de volver..."
"Espectacular"
"El paseo más metropolitano se encuentra en esta calle animada, amplia y monumental gracias a edificios al más puro estilo Gotham City. Mucha gente a todas horas del día, muchas luces y comercios, seguridad total gracias a la policía por todas partes. No te lo pierdas"
"Es mejor de lo que pensaba. Todo está cerca en esta calle, por lo que puedes caminar a varios lugares desde aquí, disfrutar de una buena comida, bebida y comprar."
"La región más conocida y concurrida de Madrid con muchos restaurantes y bares, muchas tiendas de souvenirs, grandes y famosas tiendas de diseñadores, cines, teatros y casinos. Es posible caminar a lo largo de toda la Gran Vía, que comienza en la calle de Alcalá y termina en la Plaza de España. Bellos edificios con una arquitectura que deja a cualquiera asombrado."
"Calle muy famosa de Madrid. Tiene buena arquitectura, vendedores ambulantes, tiendas, restaurantes y entretenimiento. Hay mucho que hacer allí. Gran parte (a febrero de 2024) está en proceso de renovación, pero el ambiente todavía está ahí y hay mucho por hacer. Algunas personas lo llaman el Broadway de Madrid, entiendo por qué. Tenga en cuenta que, al ser una zona turística, muchas cosas serán un poco más caras."
"Es todo un espectáculo, pero estaba terriblemente lleno (un sábado por la noche) y no me sentí seguro en absoluto."
"El Metro de Madrid ofrece una experiencia de viaje notablemente positiva, combinando comodidad y eficiencia para residentes y visitantes de la ciudad. Un aspecto que destaca positivamente es la limpieza y mantenimiento de las estaciones y trenes. El Metro de Madrid está impecablemente mantenido, hasta el punto de que en muchas ocasiones supera en orden y limpieza a muchos otros lugares públicos. Esto ayuda a crear un ambiente agradable y confortable para los pasajeros, haciendo del viaje una experiencia más placentera. Otro punto fuerte es la puntualidad de los trenes. Los horarios se respetan estrictamente, lo que significa que los viajeros pueden confiar en que el Metro llegará a su destino de manera eficiente y sin retrasos inesperados. El sistema de precios es muy conveniente, especialmente para los viajeros frecuentes. El folleto de 10 viajes por sólo 6€ ofrece un importante ahorro respecto a la compra de billetes sencillos, convirtiendo el metro en una opción económica para moverse por la ciudad. Otra ventaja notable es el horario de atención ampliado. El Metro de Madrid comienza a funcionar a primera hora de la mañana y permanece operativo hasta altas horas de la noche. Esto significa que los viajeros pueden confiar en el metro para sus viajes incluso durante las primeras horas del día y de la noche, sin tener que preocuparse por buscar alternativas de transporte. Sin embargo, no todo es perfecto. Una desventaja es la congestión durante las horas pico, cuando las estaciones y los trenes pueden estar extremadamente llenos. Esto puede hacer que la experiencia sea menos cómoda para los pasajeros, especialmente si viajan con equipaje voluminoso."
"Preciosa avenida con decenas de tiendas y cafeterías."
"Hay salidas de metro desde Gran Vía. Están rodeadas de belleza arquitectónica, hay muchos museos, centros culturales, restaurantes y cafeterías cerca de la estación, por ella pasan las líneas 1 y 5 del Metro."
"Una vía enorme, de ahí su nombre Gran Vía. Con hermosos edificios con una arquitectura impresionante. Fácilmente nos ""perdemos"" en el tiempo admirándolos. ""Desemboca"" en una preciosa plaza, Cibeles. Hay muchas tiendas, souvenirs, comida, grandes marcas... Atendido por una estación de metro. Genial para caminar, mucha gente de diferentes culturas."
"Un pasaje de lujo a una ciudad maravillosa. Edificios de asombrosa belleza, tiendas de todo tipo; lugares hasta donde alcanza la vista."
"Esta estación de metro está situada en plena calle comercial Gran Vía. Es moderno y limpio…"
"Una calle impresionante de tiendas, hoteles y bancos. Durante su construcción, se demolieron los barrios de la ciudad antigua que se encontraba aquí, pero la arquitectura actual es excepcional, muchos edificios están decorados con enormes esculturas. Cada edificio es como una obra de arte."
"Gran Vía es una calle famosa de Madrid, España. Es conocido por su atmósfera vibrante, arquitectura impresionante y numerosas tiendas, teatros y lugares de entretenimiento. A la Gran Vía a menudo se la conoce como el ""Broadway español"" debido a los numerosos teatros que se alinean en la calle, donde se presentan musicales, obras de teatro y otras actuaciones. La calle es un centro de actividad, con multitudes bulliciosas, tiendas que venden moda y electrónica, y una variedad de restaurantes, cafeterías y bares. Algunos de los lugares emblemáticos de la Gran Vía incluyen el Edificio Metrópolis, el Edificio Telefónica y el Edificio Grassy. La Gran Vía es también un popular destino de compras, con una amplia oferta de tiendas para diferentes gustos y presupuestos. Desde marcas internacionales hasta boutiques locales, los visitantes pueden encontrar de todo, desde ropa y accesorios hasta productos electrónicos y souvenirs."
"Es una pena que sean 44 grados, lo cual no es cómodo, hay pocas sombras…"
"Estación que da servicio a Gran Vía. Hermosa avenida turística donde están presentes las principales marcas. Siempre muy animado."
"Hermosa zona para ir de compras Muchas tiendas, restaurantes y cafeterías. Una oportunidad para caminar, especialmente cuando hace buen tiempo."
"Muy bonito para ir a la playa por la noche."
"Bonita calle de Madrid, transitada y animada."
"¡Madrid espectacular!     ¡Ole!   ¡Disfruté cada minuto y cada paso que di!"
"Gran lugar para ir de compras, comer y pasar el rato."
"¡La calle comercial y de belleza de Madrid! El gran paseo …"
"La avenida más grande y principal de Madrid, algunos la comparan con Broadway, quizás por su encanto, tiendas, restaurantes y movimiento."
"Uno de los corazones palpitantes de Madrid. Metro conveniente en el centro de Gran Vía."
"Una calle grande y espaciosa con muchos cafés, tiendas y otros atributos de una ciudad turística…"
"Apartamento Niuma muy bueno, limpio y seguro para quedarse."
"Si pasas por Madrid y no estás en la Gran Vía, no has estado en Madrid. Hay un lugar maravilloso donde me siento durante horas viendo pasar la mezcla de carreras, es un lugar encantador para ir de compras y está cerca de muchos monumentos, teatros, tiendas, restaurantes, cines, plazas y todo lo demás. Todo todo todo todo todo todo todo es bueno. Lo recomiendo mucho, llevar calzado muy cómodo si hace frío, abrigarse y si hace calor llevar agua "
"Me encanta. La mejor y más grande calle comercial de la ciudad."
"Es muy difícil comprar un billete, billetes organizados catastróficos."
"Vista nocturna de la Gran Vía de Madrid."
"Ir a Madrid y pasar por la Gran Vía es imprescindible. Muy bien limpio e iluminado. Lleno de tiendas donde puedes hacer muy buenas compras."
"Actualizaciones: mi reseña ya no es relevante porque ha pasado un año. Como toda emisora ​​española, esperando que sea genial.  Revisión anterior: está en proceso de renovación y mejoras. No encontrarás una parada aquí. Estás informado."
"Calle con encanto en el centro histórico de Madrid. Lleno de vida y comercios. Mucha gente caminando alegremente. Hermosos edificios y muy limpios."
"Una de las calles más bonitas de Madrid. Excelente para ir de compras, pero sobre todo por la belleza y variedad de sus construcciones. ¡Para hacer en ambas direcciones y con la cabeza levantada!"
"Metro céntrico con vistas a la principal calle turística de Madrid. Sin duda es un metro desde el que se puede empezar a buscar hoteles o B&B en caso de estancia.  ¡Seguro incluso de noche!"
"La concurrida avenida de Madrid, tiene edificios con hermosa arquitectura, muchas tiendas. Cuando fui había varias zonas en renovación. Aún así me pareció muy bonito."
"La Gran Vía es la milla elegante de Madrid. Según el recorrido por la ciudad, aquí se encontraba el primer edificio de gran altura de Europa (en el que ahora reside Telefónica). La calle está muy bien arreglada y hay muchas ""direcciones principales"" aquí. En el medio también hay muchos restaurantes de todas las clases. La Gran Vía es también un buen punto de partida para pasear por la ciudad."
"La calle Corán, repleta de pantallas gigantes, como si estuvieras en Times Square de Nueva York, es una de las calles animadas más importantes de Madrid. Está considerada el corazón palpitante de Madrid y está llena de hoteles, restaurantes halal y. comida rápida como Hardee's y Five Guys, y otras cafeterías, ofertas y tiendas como Primark, Mango y otras tiendas."
"una de las calles principales de Madrid. Magnífico ambiente, paseando por la Gran Vía te sientes inmerso en una gran metrópoli."
"Famoso lugar madridista en el centro de la ciudad de Madrid, esos edificios blancos son el toque en este bulevar, verás muchos edificios como este."
"Actualmente en construcción a 24 de enero de 2019. ㅠㅠ Parece que está bastante cerrado. Tenga esto en cuenta para aquellos que se preparan para viajar. Mi alojamiento estaba cerca. Estaba un poco avergonzado. Pero está a 5 minutos a pie de la Plaza del Sol o de la Estación Casilla (Callo)."
"Oh... Dios mío, si estás visitando este lugar y te quedas dentro de tu habitación. Entonces no vale la pena. Incluso si terminas el culto de tu iglesia, visita aquí."
"Muy espectacular, destaca con el resto de la ciudad. ¡Una gran variedad de boutiques y tiendas también!"
"Calle principal de Madrid Contiene muchos restaurantes internacionales y centros comerciales ricos en marcas internacionales. La vida continúa casi las 24 horas del día en esta calle y sus ramales."
"La calle más famosa de Madrid está concurrida día y noche. Aquí hay muchas fachadas de casas hermosas y tiendas elegantes."
"Mucho movimiento, comercios, gente guapa y gente trabajando. Disfruta el viaje, pero ten cuidado."
"Estación de estilo art déco, situada en la pista del mismo nombre."
"La parada de metro Gran Vía está cerrada por reformas. Google Maps necesita hacer el ajuste para que no se utilice como punto de dirección."
"Calle increíble, muchas luces, autos, ¡solo vibraciones de gran ciudad!"
"Una de las principales y transitadas vías de Madrid"
"Ubicación de fácil acceso, excelente punto de referencia para desplazarse a otros lugares de la ciudad... gente agradable y siempre ayudan cuando se les pregunta..."
"Calle grande y comercial."
"....gran ambiente navideño..."
"¡Bueno, pero hay demasiados mendigos!"
"Increíble lugar con bonitas tiendas. E medio de la ciudad"
"Cerrado temporalmente. El metro no se detuvo. Las indicaciones de tránsito eran inútiles ya que no ofrecían más opciones que esta parada."
"Buen lugar para ver el edificio de Telefónica. Una encrucijada importante."
"Vale la pena visitar por las hermosas tiendas."
"Hermosa calle con muchas tiendas, restaurantes y cafeterías!!!"
"me gustó"
"La estación de metro Gran Vía está cerrada temporalmente por mejoras. Las direcciones de Google no parecen reconocer esto."
"Buena ubicación desde la que ir al centro histórico."
"Gran carretera con muchas tiendas."
"Conveniente estación de MRT, numerosos espectáculos callejeros"
"Impresionante"
"Una de las estaciones más transitadas de Europa."
"Bonitos edificios, grandes calles."
"Todavía está cerrado debido a obras. La estacin sigue cerrada."
"…"
"la avenida central. Tiendas y restaurantes."
"Muy bonito y muy concurrido."
"El mejor lugar de Europa."
"Estación cerrada hasta abril de 2019."
"No hay nada que decir fantástico."
"Estación cerrada hasta abril de 2019 -> ¡El planificador de rutas de Goggle Maps está equivocado!"
"excelente ruta, unica y sentida"
"Amo este lugar"
"Muy hermoso"
"¡Arriba! Para verlo todo."
"La avenida más elegante de Madrid"
"La mejor ciudad de España."
"calle muy interesante"
"Dirección de Google no actualizada, ¡esta estación está cerrada ahora!"
"Bonito lugar, hay que verlo."
"El pequeño Manhattan en Madrid... ¡¡¡grandioso!!!"
"Espectacular, majestuoso, elegante!"
"expectacular"
"Bein"
"Está en construcción ahora mismo."
"Calle increíble"
"hace un hermoso clima"
"Debes verlo."
"Zeus."
"Buen lugar"
"caminar, ir de compras y fotos"
"Lugar muy clásico"
"La estación está cerrada por reformas."
"Hermoso"
"Bonito"
"Calle Mayor de Madrid!"
"Cerrado. Bajo renovación."
"Súper"
"Bonito lugar"
"Hermoso"
"Carretera principal de la ciudad"
"una experiencia"
"sí"
"Cerrado por reformas"
"Central"
"Hermosa avenida"
