"Buena estaci√≥n de metro Linea 6, muy comunicada, acceso discapacitados hasta el and√©n, llegar muy utilizado y moderno. Ascensores a la calle."
"La plaza es horrible est√©ticamente y terrible en tiempo de calor en verano, Pues no hay ni una sombra donde guarecerse a esperar a los buses y es mortal de la chicharrera y el solazo que pega. Y en invierno tres cuartos de lo mismo pero con fr√≠o. Estaba proyectado hacer un intercambiador, pero parece que los habitantes de esta zona de la Comunidad de Madrid, que vivimos en el este, no tenemos derecho a tener est√°s comodidades que si tienen los de la zona norte, con el intercambiador de Moncloa o el de avenida de Am√©rica. Acu√©rdense que tambi√©n pagamos impuestos y tenemos la misma necesidad."
"La estaci√≥n de metro Conde de Casal es una estaci√≥n en la red de Metro de Madrid, situada en el distrito de Retiro. Es una estaci√≥n que sirve a una zona residencial y comercial y proporciona conexiones importantes para los viajeros. ### L√≠nea de Metro Conde de Casal es servida por: - **L√≠nea 6 (Circular)** ### Ubicaci√≥n La estaci√≥n se encuentra en la intersecci√≥n de la Avenida del Mediterr√°neo y la calle del Doctor Esquerdo, en la plaza de Conde de Casal. Esta ubicaci√≥n estrat√©gica ofrece f√°cil acceso a varias √°reas residenciales y comerciales en el distrito de Retiro. ### Servicios y Facilidades La estaci√≥n de Conde de Casal ofrece varias facilidades para los usuarios: - **Ascensores y escaleras mec√°nicas** para mejorar el acceso. - **Instalaciones accesibles** para personas con movilidad reducida. - **M√°quinas expendedoras** de billetes y puntos de recarga para abonos. - **Conexiones con autobuses urbanos e interurbanos**, incluyendo una terminal de autobuses interurbanos que conecta Madrid con varias localidades cercanas y otras ciudades. ### Importancia Conde de Casal es una estaci√≥n clave debido a su ubicaci√≥n y la conexi√≥n con la L√≠nea 6 del metro. Esta l√≠nea circular permite desplazarse eficientemente alrededor de Madrid y conectar con muchas otras l√≠neas de metro, facilitando el acceso a diferentes partes de la ciudad. Adem√°s, la terminal de autobuses interurbanos ampl√≠a las opciones de transporte para los viajeros. ### Lugares de Inter√©s Cercanos - **Parque del Retiro:** Uno de los parques m√°s grandes y populares de Madrid, ideal para paseos, actividades al aire libre y eventos culturales. - **Hospital Gregorio Mara√±√≥n:** Un importante centro hospitalario situado cerca de la estaci√≥n. - **Centro Cultural Casa de Vacas:** Situado en el Parque del Retiro, este centro ofrece exposiciones y actividades culturales. - **Iglesia de San Manuel y San Benito:** Un notable edificio religioso cercano, conocido por su arquitectura y valor hist√≥rico. Si necesitas m√°s detalles, como horarios espec√≠ficos o informaci√≥n adicional sobre los servicios disponibles en la estaci√≥n, estar√© encantado de proporcion√°rtela."
"üìå Muy buena la actualizaci√≥n de esta estaci√≥n, tiene f√°cil acceso a personas con movilidad reducida.‚Ä¶"
"Estaci√≥n de metro correspondiente a la l√≠nea 6 (circular), es una estaci√≥n accesible a personas con movilidad reducida y dentro de la zona tarifaria A. Cuenta con escaleras mec√°nicas, ascensores, cobertura m√≥vil y desfribilador. Tiene varios accesos, ascensor y escaleras en Pza. Conde de Casal 2, m√°s otros accesos en Doctor Esquerdo 175, 116 y 157."
"Gran intercambiador, pero una acera muy estrecha y una gran cercan√≠a a los autobuses no parece una combinaci√≥n muy segura adem√°s de que respiras una gran cantidad de humo, ya no solo de los autobuses sino tambi√©n de la gente que pueda estar fumando cerca de donde te encuentres. El problema se aten√∫a en las √∫ltimas paradas donde puedes encontrar hasta bancos pero es bastante relevante en las primeras llegando desde el metro de la l√≠nea 6."
"Buena estaci√≥n de metro, clara se√±alizaci√≥n y limpia."
"Un lugar acogedor y lleno de  vida espacios verdes y buena gente voy a menudo"
"Es una plaza, pero tambi√©n es un centro de paradas de autob√∫s a diferentes pueblos"
"Pues es una plaza de Madrid con tr√°fico intenso y mucha gente por ah√≠ andando... Vamos, como cualquier plaza de esta ciudad. Sape"
"Desde aqu√≠ tiene muy buena comunicaci√≥n por metro y autob√∫s"
"Una plaza muy concurrida. A veces ca√≥tica,pero est√° bien"
"Estaci√≥n de metro de la l√≠nea 6."
"Esperemos que pronto empiecen las obras y as√≠ mejore la zona de autobuses"
"Todo el conjunto de Conde de Casal en especial la calle Doctor Esquerdo sufri√≥ un gran cambio ,que soluciona una mejor distribuci√≥n para bicicletas,bus,etc."
"Muy lindo lugar"
"Se trata de la entrada a Madrid por la A-3, por tanto un ajetreado punto neur√°lgico de la ciudad. Es un intercambiador de transporte en superficie. Muy pr√≥ximo a M-30 y a Atocha, adem√°s de al Retiro. Sorprende el contraste con la calma de la vecina Colonia del Retiro, separadas por tan solo una  manzana de viviendas en altura."
"Deber√≠a ser una estaci√≥n cerrada para que el intercambiador de verdad existiese como ocurre en el resto de cabeceras (Plaza Castilla, Avenida de Am√©rica, Plaza El√≠ptica, Principe P√≠o y Moncloa). Es el √∫nico que est√° al aire libre y su organizaci√≥n deja bastante que desear ya que adem√°s no hay nada de informaci√≥n, solo marquesinas con horarios desactualizados que no te puedes fiar de ellos ni nada... De verdad a ver cuando hacen como el resto de intercambiadores y lo hacen decente por favor y gracias"
"Una plaza con muy buenas comunicaciones de transporte p√∫blico y metro de la l√≠nea 6. La cruza la calle Doctor Esquerdo. La Avenida del Mediterr√°neo, ambas  con doble sentido,  que sube hasta la Plaza de Mariano de Cavia y nos acerca a Atocha. Una importante salida directa a la A-3 y M-30 y M-40. No hay muchos comercios. El Hotel Claridge. Viena Azul. Rodilla. General √ìptica. Concesionario Hyundai.  Inmobiliaria Gilmar. Bancos Santander y Sabadell. Terrazas y bares. Una farmacia.  Un quiosco de prensa y dos agencias de viajes. Nivel de poluci√≥n alto. No es una zona atractiva para pasear Transformada por completo por la gran nevada del 8 y 9 de Enero. No ser√° f√°cil de olvidar. Todas las calles que la circunvalan est√°n cortadas por la nieve. El t√∫nel que va por debajo tambi√©n. Lo √∫nico que funciona es  el  Metro. Los autobuses no circulan. Coches abandonados en todas partes.  Gentes a pie, con trineos improvisados incluso con cartones. esquies, palos y sobre todo los ni√±os con sus bolas y mu√±ecos. Y todos  disfrutamos de un momento √∫nico. La nieve sobrepasa los 30 cent√≠metros pero est√° blanda. Que sensaci√≥n. Estamos faltos de sensaciones. Ni me acuerdo de la mascarilla. Lo estamos pasando en grande como los chiquillos que no paran de re√≠r y gritar de contento Que Felicidad. Casi se me olvida que hay otra vida m√°s all√° de lo cotidiano. La nieve ha venido para record√°rmelo. Luego han venido los problemas que acompa√±an a una situaci√≥n as√≠. Transporte. Movilidad a√∫n m√°s reducida. Inquietud al caminar. Arbolado roto. Ca√≠das. Nuevas incertidumbres y problemas. Lo bueno dura poco.  Una semana despu√©s contin√∫an los inconvenientes a√±adidos por el fr√≠o, que ha helado la nieve. Ahora ya no re√≠mos. Me pregunto c√≥mo vivir√°n en esos Pa√≠ses tan fr√≠os. Supongo que nos acostumbrar√≠amos como nos hemos ‚Äúacostumbrado‚Äù a la pandemia. La vida es el ‚Äúaqu√≠ y ahora‚Äù. El hielo y el virus ha venido para record√°rmelo. Un poco de historia: La casa valenciana de los condes de Casal es un t√≠tulo nobiliario concedido el 26 de marzo de 1658 a Crist√≥bal de Cavanilles y Fenollet, se√±or de la baron√≠a de Alginet. Los Condes de Casal regentaron el se√±or√≠o de Alginet hasta el a√±o 1817, cuando fueran abolidos los se√±or√≠os."
"Estaba en las cercan√≠as de plaza conde de Casal,me gust√≥ la cantidad de √°rboles a lo largo de la calle ."
"Urge intercambiador ya! Con tantas l√≠neas de autobuses y metro que salen de ah√≠ mejorar√≠a la accesibilidad movimientos  de las personas y liberar√≠a espacio exterior para los veh√≠culos."
"Estaci√≥n correspondiente a L√≠nea 6"
"Coger un bus para visitar El Risco de Las Cuevas en Perales de Taju√±a"
"Huele a metro. La linea pasa a poca profundidad y hay pocas escaleras. No se que mas se puede pedir. Cuidado al salir por la acera del granier que la acera se estrecha y es una trampa mortal si vas con prisa."
"Pertenece a la l√≠nea 6 de metro. Es una estaci√≥n de las antiguas y sin reformar. En el and√©n, lo que es en las v√≠as hay un muro que no ves el otro and√©n ni tren."
"Es una estaci√≥n cl√°sica de Metro muy limpia y cuidada."
"Cuenta con 4 salidas, dos de ellas sin taquilla (solo maquinas). Suele haber un guardia de seguridad en la estaci√≥n."
"Buena estaci√≥n para hacer trasbordo y mucho trasiego de gente"
"Lugar p√∫blico, muy ordenado y bonito, variedad negocios...."
"Es muy comodo el acceso a esta estacion ademas de la conectividad a Avenida America que es un intercambiador enorme"
"Es una zona por la que transito todos los d√≠as siempre hay much√≠sima gente."
"Una plaza m√°s. Tampoco es para hacer una fiesta con cada plaza."
"Genial"
"Muy chuli"
"Es la estaci√≥n que yo uso y me hace muy feliz, sin embargo carece de puesto de perritos calientes lo cual es obviamente un problema"
"Una plaza sin todos los cosas. Ya quiero est√° es muy bien o mal, por qu√© sin gente!"
"Tienen que adaptarla a las necesidades de las personas con problemas de movilidad o visibilidad"
"Una plaza con mucha congregaci√≥n de gente y de tr√°fico,siempre con atascos."
"Al tener varias salidas es perfecto para colarse muy aconsejable si no tienes bono üòÇ‚Ä¶"
"Es punto de intercambiador de transporte p√∫blico"
"Falta de cobertura para atender a usuarios de autobuses interurbanos como 312 o 326."
"Sitio que te comunica con todo Madrid"
"He viajado en metro hasta aqu√≠."
"Una estaci√≥n de metro edtsndar de Madrid"
"Regular, se puede mejorar con bajadas de precios"
"Much√≠sima afluencia de gente.  Cuenta con 4 salidas dos autom√°ticas (solo m√°quinas)"
"Muy buena parada, la ultima vez, vacia"
"Es mi estaci√≥n, y sin ning√∫n pro"
"S√≥lo m√°quinas para sacar ticket. Cuatro salidas. Mucha gente."
"Estacion Estrella. A un paso de las mejores ofertas para obtener el carnet de conducir en AUTOESCUELAS PREMIUM"
"Hay comercio ,servicio de metro ,bus ,restaurantes etc"
"Esta en obras.Y mucho trafico diario"
"buena comunicaci√≥n para transporte p√∫blico"
"No veo el color de la linea del metro."
"Conde del Casal es una estaci√≥n de servicio de la l√≠nea 6 de metro de Madrid al lado de la plaza Conde del Casal"
"Una plaza como otra cualquiera...."
"Muy concurrida pero Madrid es bastante bonita"
"Buen acceso buena ubicaci√≥n"
"A veces falta atenci√≥n al p√∫blico."
"Estaci√≥n de metro c√≥moda y funcional"
"Estaci√≥n de metro muy concurrida."
"Una plaza sin mas"
"Muy pr√°ctico para todo"
"Un lugar para andar ..."
"Esta bien es un sitio como otro cualkieraüòÇ‚Ä¶"
"Buen intercambiador"
"Una excelente obra de ingenier√≠a"
"Es un buen hotel"
"En horas pico mucha gente no deja caminar con r√°pidez."
"Muy buen sitio"
"Chulo"
"Esta bien."
"Excelente"
"Bonita"
"Buenas"
"Lugar muy limpio"
"Una plaza de Madrid"
"Una estaci√≥n de metro mas"
"Magnifico"
"Genial"
"Una estaci√≥n con cuatro bocas de metro"
"Hay parking de BiciMAD"
"Buena comunicaci√≥n"
"Un buen sitio"
"T√≠pica plaza madrile√±a"
"No es accesible"
"Maravilloso ,"
"Genial"
"Algo sucia a veces."
"Buena estaci√≥n üöâ‚Ä¶"
"No hay cobertura"
"Calor en verano"
"Buen sitio para pasear y esperar el bus y tomar algo"
"Lugar importante para desplazarse f√°cilmente en metro o incluso a pie al museo del Prado o al Reina Sof√≠a."
"estaci√≥n de metro normal"
"Normal"
