"Aunque a veces es un poco ca√≥tica, ha sabido conservar sus or√≠genes. La antigua estaci√≥n se ha reconvertido en un espacio √∫nico en Madrid. Uno de los principales intercambiadores de transporte p√∫blico de Madrid."
"Estaci√≥n de trenes con los espacios interiores m√°s verdes de Europa.  La combinaci√≥n de selva y arquitectura del siglo XIX.  vale la pena una visita!!!"
"El jard√≠n tropical que tiene dentro hace que esta estaci√≥n sea alegre. Si te gustan las tortugas no dejes de ver el peque√±o lago que hay en uno de los extremos del jard√≠n"
"üìå Lo √∫nico que le falta es un buen ascensor, tiene dos salidas uno en Plaza del Emperador Carlos V y otra Paseo Santa Isabel en frente del Ministerio de Agricultura‚Ä¶"
"Como inicio de ruta al llegar a la ciudad est√° bien si vienes en tren, porque nada m√°s bajar ya est√°s visitando uno de los sitios y una de las estaciones m√°s emblem√°ticas de Madrid y de Espa√±a. Cuenta con bares, tiendas y zonas donde poder esperar y relajarse mientras esperas el tren. Desde all√≠ puedes coger autob√∫s, metro y cercan√≠as a todos los puntos de la comunidad."
"La estaci√≥n de trenes mas importante de Madrid . Epicentro de todas las l√≠neas de cercanias y de todos los trenes de larga distancia"
"Bonita estaci√≥n, con una decoraci√≥n tropical en el medio. Hay metro, Renfe y buses que salen de aqu√≠. Muy cerca del Retiro y del Jard√≠n Bot√°nico. Tambien de importantes museos como el Prado y el Reina Sofia."
"La estaci√≥n de atocha es una de las m√°s famosas en Espa√±a por su curiosa decoraci√≥n a base de plantas en medio de la estaci√≥n. Es una estaci√≥n curiosa y muy bonita. Los trenenes se cojen desde distintos puntos dependiendo de tu destino, entre la planta mas baja y la mediana. De tal manera que por ejemplo, los trenes que van destino a Barcelona, se cogen en la planta media y no en la baja. Es un poco caos as√≠ que yo ir√≠a con tiempo para poder preguntar y evitar l√≠os y la posible perdida de trenes."
"Ah esta cerrado del 24 al 29 de agosto 2024 en"
"Atocha es la estaci√≥n ferroviaria m√°s importante de Espa√±a. Por sus instalaciones transitan m√°s de 100 millones de pasajeros, ya sea por los servicios de AVE, Cercan√≠as y trenes de media y larga distancia. La estaci√≥n original de Madrid-Atocha fue sustituida en sus funciones por dos nuevas estaciones:¬†Madrid-Puerta de Atocha, destinada a recibir las l√≠neas de alta velocidad y los trenes que finalizan en la estaci√≥n; y Atocha-Cercan√≠as, destinada a los trenes pasantes que se encaminan hacia los¬†T√∫neles de la Risa. Servicios disponibles: Aparcamiento: S√≠, gestionado por SABA. Suministro el√©ctrico: S√≠ Agua corriente: S√≠ Aseos: S√≠ Ascensor / Montacargas: Actualidad 6. Almac√©n para material: No Salas para maquillaje/vestuario: Pendiente de disponibilidad. Zonas de restauraci√≥n cercanas: S√≠, en el entorno de la estaci√≥n. Seguridad nocturna: S√≠ Dicha estaci√≥n el 11 de marzo de 2004, conocido por el numer√≥nimo 11M, sufri√≥ una serie de ataques terroristas en cuatro trenes de la red de Cercan√≠as de la Comunidad de Madrid. Fallecieron 193 personas y alrededor de dos mil resultaron heridas. Restos de uno de los trenes, junto a la estaci√≥n de Atocha. D.E.P."
"Estaci√≥n cercana a los museos m√°s emblem√°ticos de la ciudad."
"Acceso a los museos Prado, Thyssen y Reina Sof√≠a."
"Parada de la l√≠nea 1 de metro cuenta con dos salidas, Glorieta de Carlos V y Paseo Infanta Isabel."
"Una estaci√≥n algo m√°s grande que otras de la ciudad. Cuenta con algunas tiendas, el monumento que se erigi√≥ en honor a las v√≠ctimas del atentado y un jard√≠n. Tal vez por su proximidad al parque del retiro, es de las estaciones de metro con m√°s vida de Madrid, aunque a su vez, parece algo l√∫gubre."
"Bien, aunque creo que es un desacierto total haber cambiado el nombre de esta estaci√≥n. Antes se llamaba ""Atocha"", y si hab√≠a que cambiarlo por haber dado el nombre de ""Atocha"" a la antigua ""Atocha-Renfe"", pues la de Atocha original, hubiera sido mejor llamarla ""Carlos V"", por el nombre de la plaza en que se ubica."
"Estar√≠a muy bien si estuviera m√°s limpia (sobre todo la zona de Cuesta de Moyano). Hay una caseta en el medio llena de pintadas que ningun alcalde se encarga de limpiar. Tampoco me gusta que sit√∫en all√≠ el aparcamiento de bicicletas. Afea mucho la zona, en mi opini√≥n."
"Bonita estaci√≥n cerca de la estaci√≥n de Atocha y cerca de los museos m√°s importantes de Madrid"
"Muy bonita, bien organizada! Me encant√≥!"
"Una estaci√≥n muy bonita decorada con vinilos de algunos de los cuadros m√°s importantes que pueden encontrarse en los museos de la zona. La √∫nica pega es que cuando llueve se inunda y no tiene ascensores."
"Preciosa estaci√≥n, digna de visitar y lugar destacado de la ciudad. Sin embargo, los puntos de informaci√≥n est√°n en lugares poco accesibles y dan orientaciones confusas...en agosto la l√≠nea 1 no funciona, y no tienen ni idea de c√≥mo asesorarte sobre c√≥mo llegar de Atocha a Plaza Castilla. No es digno para la ciudad ni para el servicio que se espera."
"Es impactante c√≥mo la toponimia se desplaza en cuesti√≥n de metros porque varios in√∫tiles no saben reconocer que Atocha no s√≥lo es una estaci√≥n sino que esta recibe el nombre de la m√≠tica calle madrile√±a. Antes de cambiar el nombre de esta parada de metro deber√≠an haber cambiado la de la estaci√≥n de trenes ya que el da√±o ser√≠a mucho mas leve, tanto en el plano material como el sentimental hacia mi persona."
"Es algo digno de ver y visitar al menos una vez en la vida. Para personas que les guste dar gusto a su vista y a su paladar de visitar sitios llenos de magia en la capital de ESPA√ëA. Una maravilla."
"Lugar centrico en Madrid para moverse a pie o en las multiples opciones de transporte que van del tren ave, largo recorrido y cercan√≠as, al metro y los autobuses. Todos los alrededores merecen la pena desde los principales museos, Prado, Reina Sofia y Thyssen c√≥mo los parque como el Retiro y el Jard√≠n bot√°nico sin olvidar el Jard√≠n Tropical dentro de la propia estaci√≥n."
"Es como cualquier estaci√≥n pero con muchas obras de arte en las paredes, suelen ser de museos de Madrid"
"Tiene de todo ...servicios de tren ave y metro y autobuses etc. Tiene tiendas y comercios y un vivero de plantas...es muy grande y servicios muy estandarizados e informacion en tableros electronicos que hacen la vida facil al viajero. Muy limpio y mucha vigilancia. Excelente para mi."
"Hac√≠a mucho tiempo q no utilizaba est√° estaci√≥n. Sigue igual,pero estaba acostumbrada a llamarla estaci√≥n de Atocha."
"La estaci√≥n del Arte o como se la conoce desde siempre, la estaci√≥n de Atocha. Esta es la vista lateral. Merece la pena visitarla por dentro. A partir de aqu√≠ Madrid est√° a disposici√≥n del viajero y todo el Arte alrededor."
"Muy grande y llena de tiendas, bastante caras. Faltan lugares donde esperar tranquilamente, aunque una vez dentro de la terminal si que hay, creo que son insuficientes. Es muy grande y parece que falta puntos de informaci√≥n o m√°s se√±alizacion."
"Est√° mal se√±alizada esta salida, ni hay una salida de metro en la glorieta ni se llama estaci√≥n del arte. S√≥lo hay dos salidas, una en el ministerio de agricultura y otra en la calle plaza del emperador Carlos V, esta ubicaci√≥n es incorrecta!"
"No soporto que le hayan cambiado el nombre. Todo por el turismo. Somos imb√©ciles"
"Hist√≥rica y muy buen ambiente."
"Una estaci√≥n muy grande, desde la cual te queda muy cerca El Museo Reina Sof√≠a, el Museo del Prado y El Parque del Retiro. Recientemente cambiaron el nombre de la estaci√≥n de Atocha a Estaci√≥n del Arte"
"Buen sitio para bajarse y empezar a patear Madrid. El cambio de nombre no me gusta, aunque supongo que hab√≠a mucha confusi√≥n con los turistas entre Atocha y Atocha Renfe. Hubiera preferido Paseo del Prado. Yo la seguir√© llamando Atocha igual que mi padre llamaba Jose Antonio a Gran V√≠a"
"Mi experiencia en atocha me a parecido fatal por que vas a preguntar por donde esta tu tren y h estado dando vueltas por toda la estacion durante mas de un cuarto de hora por que unos me mandaban para un lado y otros para otro y luego he tenido que ir al servicio y para entrar tienes que pagar me parece indignate y vergonzoso que cobre por hacer tus necesidades   yo creo que ya pagamps bastante  por nuestros billetes para que nos cobren por hacer nuestras necesidades  estoy muy enfadada por eso  entiendo bien que te puedan cobrar un bar por que no estas  consumiendo y es privado pero una estacion del tren  me parece vergonzoso e indignate"
"Es inaceptable que una estaci√≥n importante no disponga de carros para equipaje. Si los hay no est√°n donde llega el  tren ya que el tren puede dejarle muy lejos de la salida. Pat√©tica administraci√≥n. Tratar√© de no pasar otra vez"
"Ojo, viajeros: esta no es la estaci√≥n de trenes. Hay otra estacion de metro, Atocha Renfe, que s√≠ conecta con ella. Es muy f√°cil confundirse entre ambas. Esta boca de metro est√° al otro lado de la plaza y conecta con la Calle Atocha; da a la trasera de la plaza frente al museo Reina Sof√≠a. Es una estaci√≥n de metro peque√±a y sin servicios adicionales como cafeter√≠as, tiendas o WC."
"Nuestra gran estaci√≥n de Atocha"
"Estaci√≥n ATOCHA. Es muy original y bonita PERO  la tienen muy descuidada. La gente fuma en las puertas, entra todo el humo y el olor es insoportable. NECESITA UNA BUENA LIMPIEZA!"
"Molaba cuando se llama Atocha, pero ahora tiene un nombre muy largo. Propongo llamarte Arte o Prado (pr√≥ximo al paseo del Prado)"
"Mucha publicidad de todos sus servicios. pero  una verdadera verg√ºenza CONSIGNAS   m√°s de media  hora esperando  poder  guardar  una maleta Muy enfadada  al ver  ni√±os y personas  mayores y sobre todo  comentarios  de  turistas  sin  que  nadie  de una  explicaci√≥n"
"Pertenece a la l√≠nea 1 de metro. Ojo, est√° no es la estaci√≥n que comunica con la estaci√≥n de cercan√≠as Renfe, la estaci√≥n que comunica con la Renfe se llama Atocha Renfe. La estaci√≥n en si es antigua y el vest√≠bulo no es gran cosa. Est√° bien comunicada, se encuentra en la plaza de Atocha, al final de la calle Atocha"
"Me faltan m√°s cuadros y m√°s visiones art√≠sticas(no solo cuadros) pero que mejor homenaje al arte.... √ì quiz√°s SI se pueda mejorar?"
"EXCELENTE ATENCION Y BUENAS INSTALACIONES."
"1921 SE INAUGURA ESTA ESTACI√ìN DE METRO. ANTES ESTACI√ìN DE TREN DE ATOCHA...!!! LA CONVIERTE EN EL PUENTE ENTRA LOS MUSEOS Y GRANDES PINACOTECAS , M√ÅS IMPORTANTES DE LA CIUDAD. CON LOS TRABAJOS DE LOS ARTISTAS M√ÅS IMPORTANTES DEL MUNDO Y DE LA HISTORIA DEL ARTE. #HELLOMADRIDNEWS #INFO #LETSGUIDE #VAVAVGUIDE #VENAVERMEALGUNAVEZ #ELLUJOMEEMBORRACHA"
"Cl√°sica pero muy bien estructurada."
"TODO UN LUJO, ENTRE EL V√âRTICE /TRIANGULO DE LAS PINACOTECAS, DE LAS MEJORES DEL MUNDO. QUE SE ENCUENTRAN EN MADRID. EL PRADO 200 A√ëOS. (Y EL √ÅREA DE ALREDEDOR CONOCIDA COMO EL BARRIO FRANC√âS POR EXCELENCIA.) LA CAIXA, EL REINA SOF√çA. Y ADEM√ÅS ZONA DE GALER√çAS DE ARTE DE LAS MAS IMPORTANTES, HOTELES***** , BARES Y RESTAURANTES... TERRAZAS, √ÅTICOS /AZOTEA, ""DE MADRID AL CIELO"" ...!!!! üòçü•Çüçæüé¨üéâüç∑üç∑üéàüéÅ #HELLOMADRIDNEWS #LETSGUIDE #ELLUJOMEEMBORRACHA #VAVAV : #VENAVERMEALGUNAVEZ #EGRAZIE #googleartandculture #googleart #googleartsculture #localguide #googlemaps #google #madridcity #visitorinfluencer #googlepixel #localguidesdesconnect teampixel"
"Estaci√≥n cercana al Jard√≠n Bot√°nico de Madrid y al n√∫cleo de museos."
"No sab√≠a que le han cambiado el nombre a √©sta estaci√≥n.  Me parece muy bien. La decoraci√≥n est√° fenomenal."
"Estaci√≥n de metro modernizada junto al Museo Reina Sof√≠a."
"No se aprecia para nada la tristeza de otras estaciones. Al contrario es alegre y muy viva."
"Muy din√°mica y moderna, si est√°n en silla de ruedas, pedir el elevador antes de horario de salida del AVE"
"Es una de las estaciones centrales de Madrid . Suele estar limpia ,esta muy bien organizada ."
"Por ser un sitio de atractivo tur√≠stico de nivel Nacional e Internacional"
"Una estaci√≥n en la que confluyen Metro, Renfe y terminal de autobuses urbanos y extraurbanos. Con una historia muy significativa para los madrile√±os."
"Como punto de descanso es bueno, si est√°s haciendo una ruta en bici"
"Bonita buena seguridad limpia y bien ordenada"
"Atocha es una estaci√≥n del servicio de metro de Madrid l√≠nea 1 que une pinar de Chamart√≠n y valdecarros en la estaci√≥n de Atocha y la glorieta del emperador Carlos V en Madrid Espa√±a"
"Muy buena estacion de Madrid parada y salida de trnes largos y cortos recorridos mas cercanias mas metro"
"Gigantesca, con servicio de renfe (tren), metro, autobuses y taxis, tambien con areas de restauracion e inclusive algunas tienas de Ropa"
"Una aproximaci√≥n a figuras del Arte siempre es bien recibida"
"Es una estaci√≥n del metro de Madrid con buena comunicaci√≥n"
"Servicio de metro muy lento! Tardo casi lo mismo de valencia a madrid, que el metro de atocha a alameda de osuna proximo a aeropuerto"
"Hermosa estacion con bellos jardines internos y emotivo homenaje a los caidos en el atentado de atocha."
"Metro Atocha, l√≠nea 1 (Azul )"
"Buena accesibilidad desde √©l aeropuerto, sin embarg√≥ no encontramos elevadores ya en la sala de compra de boletos"
"Estaci√≥n con solo una l√≠nea de metro"
"Muy bonita, pero no hay donde sentarse."
"Se ha ca√≠do el sistema inform√°tico y no venden billetes desde hace m√°s de media hora"
"Desconoc√≠a que le hab√≠an cambiado el nombre pero la verdad est√° de diez recomiendo ir a verlo si pueden y tienen tiempo."
"Esto de arte tiene lo mismo que gente limpia y pulcra pasa por aqui"
"Excelente idea de mostrar el arte fuera de los museos!!!"
"No se os ocurra tomar caf√© ah√≠. 2.40 un caf√© con leche"
"Est√° chulo que le hayan cambiado el nombre a estaci√≥n del arte."
"Me encanta Atocha. Es una de las estaciones mas bonitas y din√°micas que he estado."
"Impresionante est√° estaci√≥n m√∫ltiple y es el enlace para toda Espa√±a en tren tambi√©n."
"Esta muy bien, pero no hay asientos y en alborotada de gente en agosto"
"Buena estacion , desde ahi salen los autobuses hacia muchas partes de Espa√±a"
"Todo bien"
"Todo para el viajero hoteles tren renfe cercan√≠as metro bus y parque Restaurantes comida r√°pida"
"Un sitio muy bueno para pasar el rato."
"La se√±ora que lo regenta una desagradable. No nos quiso ayudar. NOSOTROS NO ESCRIBIMOS EL PAPEL"
"Una estaci√≥n muy bonita y entretenida"
"Bonito y elegante lugar"
"Por aqu√≠ viendo el desfile del Orgullo Gay 2027, ... con mi mujer ;-)"
"De los mejores lugares de Madrid"
"Una estaci√≥n que ha mejorado mucho, tanto en servicios de informaci√≥n al viajero como en su est√©tica."
"Mucha gente de visita a los museos de la zona y al retiro o el teatro"
"Estaci√≥n con encanto, un poco ca√≥tica pero de arquitectura curiosa."
"Una estaci√≥n para visitar"
"Me parece un lugar muy hermoso"
"Din√°mica y moderna. Una de las mejores estaciones de Europa."
"Estaci√≥n de metro que conecta con la de trenes. Est√° bastante vieja."
"Atocha, muy bien comunicado y con muchas posibilidades de ocio"
"Muy art√≠stico."
"M√≠tica estaci√≥n de trenes de Madrid. Preciosa"
"Muy bien.."
"Hermoso y Amplio Dise√±o Arquitect√≥nico."
"Llena de vida y color, la pluralidad de las gentes de Madrid en su esplendor!!"
"Estacion curiosa con un ambiente tropical en ella"
"Le faltan algunos puestos de Informaci√≥n por lo dem√°s bien."
"E un citio hist√≥rico te hace viajar en el tiempo......."
"Plaza del Reina Sof√≠a. Un lugar fant√°stico"
"Hermosa de d√≠a y de noche"
"Un lugar muy concurrido,lleno de tiendas"
"D√≥nde se re√∫nen los jubilados para manifestarse"
"Todo correcto, buenos accesos y bastante informaci√≥n"
"Preciosa y muy bien comunicada"
"Preciosa."
"La estaci√≥n central de Madrid, un poco ca√≥tica y en principio un poco complicado de moverse"
"Tienes que ver el jard√≠n interior que tiene dentro."
"Bonita"
"Bien situado y bien comunicado."
"Caos y desinformaci√≥n que no ayudan nada a los viajeros."
"No hay sitios para sentarse !!!!!"
"Me gustan mucho las tortugas"
"Como casi todas"
"Precioso entorno"
"Por su ambiente cosmopolita"
"Buena estaci√≥n. Metro y Renfe."
"bares caros, en general muchas tiendas"
"La estaci√≥n de Atocha de toda la vida..."
"Encuentras de todo y a diferentes precios"
"Lo tienes  todo"
"Muy bien"
"Muy bien"
"Muy extrictos"
"Estaci√≥n con buenas comunicaciones"
"Bella Aranjuez"
"El sitio da cancer"
"NO QUIERO QUE ME INFORMEN DE NADA!!!!"
"Acceso a todo!"
"Excelente"
"Me encanta"
"Enorme!!!"
"Navidad"
"Ca√≥tica!!!"
"No viaj√© de un lugar a otro, por lo que no puedo contar mucho sobre el personal o la forma de organizaci√≥n. S√≥lo vine aqu√≠ para visitar este impresionante lugar. Las llegadas y salidas est√°n totalmente separadas, lo que ayuda un poco, aunque ambas partes estaban muy concurridas. La estaci√≥n principal es simplemente un para√≠so tropical (con la temperatura correspondiente)."
"Enorme estaci√≥n de tren. Hay accesibilidad en metro a esta estaci√≥n. Utilizamos el servicio de Renfe a Toledo y Bareclona y ambos fueron geniales. Instalaciones de la estaci√≥n bastante limpias. Los ba√±os accesibles al p√∫blico son √∫nicamente de pago y los que se encuentran dentro de la zona de espera del and√©n son gratuitos. Hay asientos disponibles para esperar sus trenes si llega temprano. Un par de cafeter√≠as disponibles en el interior si quieres comer."
"Hermosa estaci√≥n de tren, ¬°casi un parque! Pero no faltan tiendas y bares."
"Preciosa obra arquitect√≥nica entre el centro de Madrid y el Parque del Retiro. En el interior de la estaci√≥n se conserva un hermoso jard√≠n tropical con exuberantes y gigantes ejemplares nativos."
"Arquitect√≥nicamente, el edificio luce fant√°stico por fuera y por dentro, hecho en estilo industrial y con muchas plantas muy antiguas en su interior, ideal para una visita tur√≠stica incluso si no est√°s all√≠ para viajar en tren. La parte nueva es un poco confusa. Hay un control policial, no lleva mucho tiempo y despu√©s todo es un poco ca√≥tico. Tal vez extra√±o sea una mejor palabra, para alguien que viene de un lugar donde cuando compras un boleto de tren ves d√≥nde se detendr√° el tren en qu√© secci√≥n y simplemente vas y te quedas all√≠ y, si tienes ansiedad, te preocupas constantemente si est√°s en el lugar correcto. Pero aqu√≠ no, despu√©s del control policial hay colas para cada tren, lo cual es bueno, te quedas ah√≠ y les muestras tu billete y ellos comprueban si el billete est√° bien all√≠ mismo, antes incluso de bajar al and√©n del tren. La parte un poco confusa es la longitud de la fila sin ning√∫n indicador sobre d√≥nde deb√≠an pararse las personas, as√≠ que llegu√© a un extremo singular de dos l√≠neas fusionadas para dos plataformas diferentes y las pantallas con informaci√≥n de la plataforma eran un poco peque√±as considerando la longitud de la l√≠nea. Consider√°ndolo todo bien üëç"
"Metro en reparaci√≥n, aunque todav√≠a hay muchas se√±ales que indican que hay metro cerca... Oh, buena suerte para encontrar el autob√∫s gratuito... Barcelona tiene un servicio m√°s amigable y servicial y se√±ales m√°s comprensibles."
"¬°No es muy f√°cil llegar al lugar que necesitas! Y hay mucha menos gente de habla inglesa de lo que se podr√≠a esperar en una Europa amigable para los turistas. ¬°Pero la facilidad para dejar tu equipaje es muy √∫til! ¬°Y el Jard√≠n en el medio es inolvidable!"
"Estaci√≥n de tren concurrida pero hay mucho espacio y no te sientes claustrof√≥bico. Muy f√°cil de usar y familiarizarse con √©l para que pueda llegar a donde necesita ir con el m√≠nimo esfuerzo."
"Largu√≠sima cola para acceder y decepci√≥n por el peque√±o e insignificante jard√≠n bot√°nico, muy publicitado por poco."
"La estaci√≥n es impresionante, especialmente de noche."
"Uno de los barrios de Madrid. Puedes llegar caminando por la espl√©ndida y c√©ntrica Plaza Mayor, por la calle Atocha. Es un barrio elegante. El arco que hay al lado de la estaci√≥n es un jard√≠n bot√°nico y el interior de la estaci√≥n de atocha es una sorpresa que no te puedes perder. Atocha es la puerta vital, elegante, refinada y popular a una ciudad llena de maravillosos contrastes que roban el coraz√≥n. ¬°Atocha es tambi√©n la zona del museo Reina Sof√≠a donde podr√°s perderte frente a la magnificencia del Guernica!"
"Una estaci√≥n de metro con carteles de obras de grandes artistas. ¬°Vea algunas de las obras que se exhiben en el museo del Prado gratis y tome el metro sin tener que caminar mucho!"
"La estaci√≥n de Atocha en el centro de Madrid es el centro principal de los trenes de Renfe que van a todo el pa√≠s con una velocidad muy alta. Por ejemplo, a Valencia el trayecto en tren es de 90 minutos y a Sevilla, s√≥lo dos horas y media. Recomiendo comprar todas las entradas online tienen grandes ofertas y las entradas se pueden llevar en el m√≥vil. La gente es muy amable y en los sof√°s tambi√©n puedes comprar comida y bebida. Los trenes son muy modernos pero a veces por la ma√±ana y por la tarde est√°n muy llenos y ocupados hasta el √∫ltimo asiento. Generali Atocha se puede comparar con la estaci√≥n Grand Central de Nueva York, todas las l√≠neas de todos los pa√≠ses llegan all√≠ y cruzan."
"Desde esta estaci√≥n no nos dirigimos a tierras lejanas... Pero en cada ocasi√≥n pasamos por el jard√≠n bot√°nico del antiguo edificio. muy guay codicioso"
"‚ù§Ô∏è"
"Buena infraestructura."
"Si tienes tiempo extra, aseg√∫rate de echar un vistazo al jard√≠n invernadero, que se encuentra justo dentro de la estaci√≥n de tren."
"Bonita estaci√≥n"
"Muy linda estacion! ¬°Tiene de todo, desde peque√±as tiendas hasta restaurantes! ¬°Y es el centro para ir a todas partes!"
"Selva en la estaci√≥n de tren con p√°jaros cantando, viajeros esperando üß≥ y un r√°pido almacenamiento de equipaje. Un pulm√≥n verde para esperar el pr√≥ximo tren.‚Ä¶"
"Buena estaci√≥n, muchas opciones de compras pero un poco confuso encontrar el camino al tren."
"La sala de espera m√°s verde de Europa. La combinaci√≥n de selva y arquitectura del siglo XIX. vale la pena una visita."
"Estaci√≥n muy concurrida. El sistema de emisi√≥n de billetes es bueno y hay mucho espacio para estar de pie en el tren."
"Buenos lugares para comer, gente feliz, servicios de transporte de muy buena calidad!!!!! Volviendo pronto."
"La estaci√≥n de tren m√°s bonita que he visto jam√°s."
"hermosa estaci√≥n de tren con muchas tiendas y l√≠neas a varias ciudades, compre boletos en m√°quinas de autoservicio"
"Muy bonito, con un hermoso jard√≠n interior."
"Bien"
"Gran estaci√≥n. Recuerda: esta no es la estaci√≥n de tren de Atocha, b√°jate en Atocha Renfe :)"
"El jard√≠n tropical interior es maravilloso."
"Una hermosa estaci√≥n rodeada de museos."
"Hermosa estaci√≥n.  Lugar muy din√°mico."
"Lugar central para dirigirse.. La mejor estaci√≥n... Muy bonito."
"Preciosa Madrid. Limpio. Calma."
"ns nc"
"Este es un ejemplo de un lugar que vale la pena visitar."
"Esta estaci√≥n de metro es hermosa... y √∫til..."
"El metro es complicado, pero puedes solucionarlo t√∫ solo, sin ayuda."
"Centro de transporte, jardines interiores y muchas tiendas peque√±as."
"¬°Instrucciones limpias y claras! Muy bien"
"Estaci√≥n conveniente para ir lejos."
"Muy bien."
"Bien organizado"
"OK"
"magn√≠fica estaci√≥n"
"¬°Hermoso!"
