"d4r55","RfnDt","rsqaWe","wiI7pd"
"Guillermo Musica _","Local Guide Â· 286 reseÃ±as Â· 228 fotos","Hace un mes","La estaciÃ³n de metro Campamento es otra parada notable en la red de Metro de Madrid. A continuaciÃ³n, se presenta una reseÃ±a detallada sobre esta estaciÃ³n: ### UbicaciÃ³n y Accesibilidad La estaciÃ³n de Campamento se encuentra en el distrito de Latina, en la zona suroeste de Madrid. EstÃ¡ situada en la lÃ­nea 5 del metro, que conecta varias Ã¡reas clave de la ciudad, desde el noreste hasta el suroeste. ### DiseÃ±o y Estructura Campamento tiene un diseÃ±o tÃ­pico de las estaciones de metro de Madrid, con una estructura funcional y accesible. La estaciÃ³n cuenta con accesos mediante escaleras, escaleras mecÃ¡nicas y ascensores, lo que facilita el trÃ¡nsito de personas con movilidad reducida y otros usuarios. ### Servicios y Comodidades - **Conectividad:** Si bien la estaciÃ³n de Campamento no es un punto de intercambio como Casa de Campo, su ubicaciÃ³n en la lÃ­nea 5 permite a los usuarios conectarse fÃ¡cilmente con otras partes de Madrid. La lÃ­nea 5 atraviesa importantes Ã¡reas comerciales y residenciales, proporcionando una buena conectividad. - **Entorno:** La estaciÃ³n estÃ¡ situada en una zona residencial, con varios servicios locales en las cercanÃ­as, como tiendas, cafeterÃ­as y colegios. AdemÃ¡s, estÃ¡ relativamente cerca de la Casa de Campo, lo que ofrece opciones de recreo a los usuarios. - **Seguridad:** La estaciÃ³n estÃ¡ equipada con sistemas de vigilancia y suele haber personal de seguridad en las instalaciones, lo que contribuye a una sensaciÃ³n de seguridad para los pasajeros. ### Experiencia de Usuario Los usuarios suelen encontrar la estaciÃ³n de Campamento eficiente y conveniente. La limpieza y el mantenimiento de las instalaciones son adecuados, y la seÃ±alizaciÃ³n es clara, lo que facilita la navegaciÃ³n por la estaciÃ³n. Las mÃ¡quinas expendedoras y los puntos de informaciÃ³n estÃ¡n disponibles para la comodidad de los usuarios. ### OpiniÃ³n General Campamento es una estaciÃ³n bien valorada por su funcionalidad y accesibilidad. Aunque no es un gran centro de intercambio, cumple eficazmente con su propÃ³sito de conectar a los residentes locales con el resto de la ciudad a travÃ©s de la lÃ­nea 5. La proximidad a servicios locales y a Ã¡reas recreativas como la Casa de Campo aÃ±ade valor a esta estaciÃ³n. En resumen, la estaciÃ³n de metro Campamento es una parada eficiente y conveniente en la red de Metro de Madrid, que sirve bien a la comunidad local y proporciona una conexiÃ³n fÃ¡cil y accesible con el resto de la ciudad."
"Felix Salvador","Local Guide Â· 633 reseÃ±as Â· 2.681 fotos","Hace 6 meses","Hace falta un ascensor. Las escaleras son empinadas y sigue con las mismas caracterÃ­sticas de antiguo. No se ha modernizado"
"Sergio Martin","8 reseÃ±as Â· 9 fotos","Hace un aÃ±o","El trato con la seÃ±ora del Metro es lo peor me he sentido estafado, soy de la zona B2, no voy mucho a Madrid y le dije que quiero 10 viajes de B2 - A, me pone para un mes. Tuve que solucionar yo solo con la aplicaciÃ³n."
"Jairo Bedoya","Local Guide Â· 222 reseÃ±as Â· 122 fotos","Hace 2 aÃ±os","EstaciÃ³n metro dentro de el distrito Latino en la cuidad de Madrid"
"Maria Angeles Pellin","Local Guide Â· 78 reseÃ±as Â· 147 fotos","Hace 4 aÃ±os","Una de las estaciones de metro de mi querido barrio. Algunas personas confunden su nombre con la zona donde estÃ¡ y creen que es Campamento, cuando esta zona tambiÃ©n es Aluche. SÃ³lo lo comento como anÃ©cdota. Muy importante me parece seÃ±alar que necesitamos urgentemente un ascensor puesto que hay mucha gente que tiene difÃ­cil acceder al metro y las escaleras resultan incÃ³modas. Gracias."
"Tico","Local Guide Â· 11 reseÃ±as Â· 2 fotos","Hace 3 aÃ±os","Es una buena estaciÃ³n de metro, pero tiene sus fallos: No tiene ascensor. Por ello la gente con dificultades para subir y bajar lo tiene difÃ­cil, y la gente con maletas o carrito siempre tiene que ser ayudada por alguien. Falta de personal. Esto, como en casi todas las estaciones de metro, es algo que molesta. Hay veces que por una simple duda hay que esperar un tiempo innecesario si hubiera mÃ¡s de una persona. Por lo demÃ¡s es una simple estaciÃ³n de metro, pequeÃ±a y sencilla."
"Jorge Carlos Ayuso","Local Guide Â· 89 reseÃ±as Â· 137 fotos","Hace 7 aÃ±os","EstaciÃ³n muy bien comunicada con numerosas paradas de autobÃºs en el exterior. EstaciÃ³n reabierta,  funcionando sin ascensor y sin escaleras mecÃ¡nicas. EstÃ¡ claro que se ha sustituido el sistema de seÃ±alizaciÃ³n ferroviaria, el alumbrado de tÃºnel,  el sistema de radiotelefonÃ­a, pero... Â¿para cuando el plan de accesibilidad y remodelaciÃ³n de esta estaciÃ³n de metro?"
"Jesus Gutierrez","Local Guide Â· 86 reseÃ±as Â· 139 fotos","Hace 6 aÃ±os","EstaciÃ³n antigua a la que han dado un lavado de cara con el mismo mal gusto aseptico e impersonal con el pladur amarillo que tanto gustaba en los primeros 2000 pero que consigue mantener su personalidad aÃ±eja. Vigilad las carteras y bolsos cuando salgÃ¡is a la calle, zona de artistas del carterismo"
"RubÃ©n GarcÃ­a","7 reseÃ±as","Hace 6 aÃ±os","EstaciÃ³n muy bien situada, pero muy poco accesible. Carece de escaleras mecÃ¡nicas y de ascensores."
"Consuelo Navarro Gonzalez Conde","Local Guide Â· 327 reseÃ±as Â· 6 fotos","Hace 8 meses","Muy bÃ¡sico pero cumple con su funciÃ³n" 
"Morty BDO (Mortage)","Local Guide Â· 53 reseÃ±as","Hace 7 aÃ±os","Esta bien situada, ademas te permite cruzar ia calle usando las escaleras sin necesidad de esperar al semafaro."
"irautz etxeberria","Local Guide Â· 747 reseÃ±as Â· 1.356 fotos","Hace 6 aÃ±os","EstaciÃ³n muy coordinadas a su exterior con buses urbanos y interurbanos ,cerca del antiguo cartel militar cartogrÃ¡fico ."
"M. Cristhian Lara Andrade","Local Guide Â· 5 reseÃ±as Â· 228 fotos","Hace 9 meses","Una de las zonas mÃ¡s diversas y concurridas de Madrid."
"Movilla","Local Guide Â· 26 reseÃ±as Â· 2 fotos","Hace 4 aÃ±os","He ido y no hay un campamento. Una estrella por el servicio."
"JosÃ© RamÃ³n LÃ³pez Paleo","Local Guide Â· 405 reseÃ±as Â· 62 fotos","Hace 8 aÃ±os","Una estaciÃ³n de metro como otra.Justo en la salida hay un Carrefour."
"CafeterÃ­a y PastelerÃ­a Bakers coffee","Local Guide Â· 42 reseÃ±as Â· 264 fotos","Hace un aÃ±o","Esta muy bien la ubicaciÃ³n en la salida de mi casa"
"Rocio Rodrigo Rubio","Local Guide Â· 276 reseÃ±as","Hace 6 aÃ±os","Campamento es la Ãºltima estaciÃ³n de la lÃ­nea 5 al lado del campamento militar en Madrid"
"Luisa Montoya","1 reseÃ±a","Hace un aÃ±o","SÃºper divertido el chico erikson ğŸ˜‚â¤ï¸ğŸ«¶ğŸ¾â€¦"
"jose visconti","Local Guide Â· 98 reseÃ±as Â· 44 fotos","Hace 2 aÃ±os","Una estaciÃ³n de metro con fÃ¡cil acceso"
"Marina magdalena PastraÃ±a de la cruz","3 reseÃ±as Â· 3 fotos","Hace 6 aÃ±os","Muy buena"
"Dave Brown","Local Guide Â· 273 reseÃ±as Â· 252 fotos","Hace 7 aÃ±os","Sin ascensor ni escaleras mecÃ¡nica."
"Gabriel","Local Guide Â· 226 reseÃ±as Â· 4 fotos","Hace 2 aÃ±os","Excelente atenciÃ³n"
"Adrian Manuel","Local Guide Â· 289 reseÃ±as Â· 73 fotos","Hace 6 aÃ±os","Buena estaciÃ³n de metro"
"Patricia Shannon","Local Guide Â· 80 reseÃ±as Â· 70 fotos","Hace 10 meses","Preciosa zona relajada con muy buen supermercado."
"VICTORM. DELBLANCOGLZ","Local Guide Â· 279 reseÃ±as Â· 174 fotos","Hace 6 meses",""
"Said Mnissar","Local Guide Â· 207 reseÃ±as","Hace 8 meses",""
"Esmeralda Cobelas","Local Guide Â· 385 reseÃ±as Â· 300 fotos","Hace un aÃ±o",""
"Willian Colorado","Local Guide Â· 9 reseÃ±as Â· 12 fotos","Hace un aÃ±o",""
"Ruben Echarri","Local Guide Â· 487 reseÃ±as Â· 842 fotos","Hace un aÃ±o",""
"lucia maria enguita mayo","Local Guide Â· 57 reseÃ±as Â· 1 foto","Hace 2 aÃ±os",""
"Eduardo Edu","","Hace 2 aÃ±os",""
"Miguel del Toro","Local Guide Â· 10 reseÃ±as","Hace 3 aÃ±os",""
"Poroj Letizia","Local Guide Â· 2 reseÃ±as Â· 38 fotos","Hace 3 aÃ±os",""
"Jose Ignacio Higes Baonza","Local Guide Â· 82 reseÃ±as Â· 59 fotos","Hace 3 aÃ±os",""
"Esther FernÃ¡ndez","20 reseÃ±as Â· 23 fotos","Hace 4 aÃ±os",""
"Vicente HernÃ¡ndez Manzano","7 reseÃ±as","Hace 5 aÃ±os",""
"Vicente HernÃ¡ndez Manzano","3 reseÃ±as","Hace 5 aÃ±os",""
"correguardas pururus","Local Guide Â· 1 reseÃ±a","Hace 7 aÃ±os",""
"Carmen NuÃ±ez Velasco","Local Guide Â· 47 reseÃ±as Â· 60 fotos","Hace 7 aÃ±os",""
"Pilar Ortiz Lopez","1 foto","Hace 8 aÃ±os",""
"Catherine Gamez Lopez","7 reseÃ±as Â· 4 fotos","Hace 8 aÃ±os",""