"Chiquito pero muy bien organizado. Eso s√≠, te revisan hasta el alma, te hacen casi desnudarte para pasar por el escaner. Te hacen sacar el neceser de la maleta, tablet, port√°til, tienes que quitarte el cintur√≥n, los zapatos, la pulseras, anillos, reloj... vamos, que te quedas con la ropa justa. As√≠ que, recomiendo ir con lo justo y necesario y si es posible, menos."
"He venido a la T4 a recoger a un familiar. Le han perdido una maleta y tiene que notificarlo en los mostradores de la compa√±√≠a (Iberia Expres) responsable. Parece que tiene una larga cola por delante. Se conoce que pierden muchos equipajes. Total que llevamos, de momento, una hora y media esperando de pie en la sala 10. Si. De pie, porque no hay un solo banco en toda la terminal. Y parece que tenemos para largo. Mientras tanto el contador del parque metro sigue contando. Espero que, ya que tengo que esperar porque han extraviado la maleta de mi familiar, Iberia me pague el aparcamiento."
"F√°cil acceso y gran parking de pago, muy buena experiencia, siempre ir con tiempo porque las distancias son largas. Agua refeel gratis pero ll√©vate tu botella de aluminio, las de plastico no pasan."
"Esta terminal del aeropuerto est√° muy bien organizada. Aspecto moderno y limpio. Acceso a mostradores bien se√±alizado. Control de equipajes de mano muy fluido. El personal efectivo y amable."
"Grande, c√≥modo y lleno de variedad de lugares gastron√≥micos mientras esperas tu vuelo"
"El aeropuerto de Madrid tiene un problema grande con los tiempos de entrega de equipaje en la T4. Y lo mismo se puede decir cuando te toca desplazarte a la T4 Sat√©lite. Deber√≠an buscar una soluci√≥n. Gracias"
"Es un edificio moderno y grande pero le faltan espacios para esperas largas. Para las cortas cualquier espacio ed bueno pero cuando hay qie esperar mucho tiempo por problemas de enlaces, cosa frecuente trat√°ndose de un aeropuerto de su nivel, la cosa es bastante inc√≥moda. Tampoco ser√≠a despreciable contar con alg√∫n tipo de alojamiento dentro del propio edificio como en otros de su nivel."
"Aunque es una terminal peque√±a cuando la comparas con el edificio donde se encuentran las otras 3 terminales del aeropuerto de Madrid, tiene los mismos est√°ndares que aquellas, aunque si es verdad que se nota m√°s aglomeraci√≥n de gente."
"Es tal vez el Mejor Aeropuerto de Europa. Sus dos Terminales T4 y T4S al ser rectas y longitudinales son muy c√≥modas para localizar sus puertas de Embarque. Hay Aeropuertos en toda Europa que son muy complicados."
"Nunca he tenido una mala experiencia en esta terminal, suelo viajar con Iberia. Es la terminal mas nueva y en mi opini√≥n la mejor mantenida, bastante amplia y se conecta r√°pidamente con la terminal T4S y el resto de terminales. Tambi√©n esta bien conectada con el centro de la ciudad a trav√©s del transporte publico."
"Aeropuerto con buenas conexiones, esta terminal es la mas transitada, al viajar trata de venir con tiempo pues a veces es muy demorado el control. Por lo dem√°s , c√≥modo, caliente, cuando hace frio y fresco en verano, el personal es amable , hay muchos servicios: ba√±o, cafeter√≠as, tienda de ropa, no consigues nada que comer por menos de 3‚Ç¨, antes hab√≠an unas maquinas que vend√≠an s√°ndwiches de esos hechos , pero parece que las han quitado. El agua mas de 3‚Ç¨ tambi√©n , 1‚Ç¨ 100 ml en algunas tiendas, aceptan tarjetas de todo tipo y hay tambi√©n para cambiar dinero, pero no lo recomiendo porque las tasas son muy caras. Pero si no hay otra opci√≥n es buena para salir de un primer apuro. Hay tambi√©n agua potable fr√≠a en dispensadores, para rellenar botes( botellas). Tambi√©n es buena recomendaci√≥n si vienes de otro sitio, descargarte la app de AENA  para tener internet gratis. Recomiendo siempre leer los carteles informativos pues los vuelos a veces cambian de puerta y no avisan o si avisan lo hacen por megafon√≠a que a veces nadie est√° atento por ello. Airport with good connections, this terminal is the busiest, when traveling try to come early as sometimes control takes a long time. Otherwise, comfortable, hot, when it's cold and cool in summer, the staff is friendly, there are many services: bathroom, cafes, clothing store, you can't get anything to eat for less than ‚Ç¨3, before there were some machines that sold sandwiches made from those, but it seems they have removed them. Water costs more than ‚Ç¨3 too, ‚Ç¨1 for 100 ml in some stores, they accept cards of all kinds and there are also money exchange options, but I don't recommend it because the fees are very expensive. But if there is no other option, it is a good one to get out of a first bind. There is also cold drinking water in dispensers, to refill jars (bottles). It is also a good recommendation if you come from another place, download the AENA app to have free internet. I always recommend reading the information signs because flights sometimes change gates and do not notify."
"Son varias las veces que he estado en el aeropuerto y no puedo poner ninguna queja. Las instalaciones limpias y con buena temperatura incluso en verano. El personal muy agradable y atento a cualquier preocupaci√≥n que tengas. El propio aeropuerto tiene parking donde dejar el coche. Una cosa importante, las dimensiones del aeropuerto son muy grandes por lo que perderse o no orientarse est√° a la orden del d√≠a. No olviden que llegar con la hora justa no es nada positivo por los posibles contratiempos que puedan surgir en el proceso de abordaje."
"Excelente aeropuerto, s√∫per bien organizado, muy limpio y amplio. Varias tiendas, te devuelven el tax free. Todo muy bien, se puede llegar desde Atocha, no hace falta hacer muchas combinaciones de trenes."
"He venido a esperar a alguien. He llegado en metro, excelente. He pagado 3‚Ç¨ para poder salir. Y no he encontrado nada para desayunar por menos de 3‚Ç¨. Un vaso de fruta, peque√±o y de pl√°stico de un solo uso, son 4'95‚Ç¨, eso s√≠ pelada.  El personal es amable. Tendr√© que estar aqu√≠ dos horas, pero los asientos son c√≥modos y he tra√≠do lectura."
"Excelente aeropuerto con un dise√±o espectacular dotado con m√∫ltiples y variados servicios, desde facilidades bancarias, devoluci√≥n del IVA, habitaciones totalmente equipadas para descansar o dormir por horas, hasta instalaciones para calentar alimentos entre otras. S√∫per moderno y pulcro. Digna puerta de entrada a este bello pa√≠s que es Espa√±a!!"
"Es muy grande. Tiene varias tiendas y sitios para comer aunque sale bastante caro comer ah√≠ cualquier cosa."
"Muy mal el personal de Renfe (en concreto, hoy 1 de agosto 2024 en aeropuerto T4). Justo acabamos de llegar a Madrid, vamos a coger Renfe cercan√≠as y ante la consulta que le hacemos a la chica que estaba en los tornos, ella ni nos mira. Solo quer√≠amos saber si pod√≠amos utilizar un billete de ida y vuelta, comprado por error, en un mismo trayecto. Su respuesta: ""No. Es personal."" Ni buenas tardes. Y lo peor, √≠bamos con un ni√±o de 5 a√±os, que no paga billete, y he tenido que pasar yo con √©l a la vez, y las 2 maletas, vaya, que se me ha cerrado el torno (las puertas) justo cuando pasaba, suerte que ha sido a m√≠ y no al ni√±o. Lo normal hubiera sido que nos abrieran la puerta lateral! Pero esta mujer ni se ha inmutado. Muy mal."
"Muy moderno pero poco pr√°ctico. Un desastre de organizaci√≥n en todos los sentidos. Es una pena que est√© en Espa√±a, mala imagen. Aunque eso s√≠, bonito y bien comunicado. Buen dise√±o y mala organizaci√≥n."
"Situado al noreste de la ciudad de Madrid. La terminal 4, es la terminal mas nueva del aeropuerto de Madrid-Barajas. Su arquitectura es impresionante, siendo en su mayoria acristalada lo que hace que entre mucha luz natural. Destaca su techo ondulado hecho a base de laminas de banbu. Ya en su interior tiene todo tipo de servicios y hosteleria para hacer mas ameno el tiempo de espera."
"La terminal m√°s moderna del aeropuerto de Barajas. Arquitect√≥nicamente es una maravilla, con unas formas que se han hecho muy reconocibles con los a√±os; forman ya parte de la ciudad. Puedes llegar en Cercan√≠as y en metro, pagando un suplemento de 3‚Ç¨ por entrar. Si vas en coche, en la parte de llegadas no puedes aparcar; s√≠ en la de salidas, pero lo justo para dejar al pasajero y partir. Por dentro est√° muy limpia."
"Esta terminal del aeropuerto es la mejor sin duda. Ya ni solo por que es mucho m√°s nueva y esta mucho mejor mantenida, sino por los techos altos que tiene, las ondulaciones del tejado,los colores de la estructura,‚Ä¶ todo en general hace de esta terminal la mejor sin duda del aeropuerto de Madrid. El aparcamiento est√° muy c√≥modo y amplio."
"Describir√≠a este aeropuerto como un lugar limpio, bonito y con los servicios necesarios,  como por ejemplo: ba√±os, cajero autom√°tico, restaurantes , √°rea de juegos para ni√±os, m√≥dulos para cargar tus dispositivos electr√≥nicos. Puntos a considerar Protocolos r√≠gidos por la COVID 19 Cuentan con puntos de suministro de gel antibacterial Se√±alizaci√≥n para mantener la distancia social debido a la pandemia La comida que se ofrece no es muy variada, y si eres vegano o vegetariano ser√° dif√≠cil que encuentres opciones de alimentos o si eres de los que prefiere comer saludable , no hay muchas opciones. Los procesos de migraci√≥n son r√°pidos ( la visita que hice fue durante la pandemia , por lo cual hab√≠a menos gente)"
"El problema es que es m√°s un CENTRO COMERCIAL que Aeropuerto, te guian de tienda en tienda para llegar, lo que resulto en HACERLO GRANDE y para pasar del ESTACIONAMIENTO al check in sus 10 a 15 minutos. Si no hay colas en check in de ahi a control de RAYOS X pues sus 10 a 15 minutos m√°s y de RAYOS X pasando por las tiendas FREE a tu puerta de EMBARQUE de 10 a 30 minutos. AQUI SI SE CUMPLE el venga 3 horas a 2 horas antes. Completamente distinto s Aeropuertos de sus CAPITALES VECINAS FRANCIA/ITALIA."
"muy concurrido seg√∫n horas. Buenos accesos y bien atendido"
"Mis cinco estrellas van para un trabajador de cercanias, d√≠a 26.05.24 sobre las 18.15..que viendo que estaba s√∫per perdida ,jaja, se acerc√≥  me dijo que  si m ayudaba e incluso me  acompa√±√≥  a los tornos.No creo que lo lea,pero por si le llega,, soy la chica del Ave...jajaja.MIL GRACIAS!!"
"La historia de siempre: equipajes perdidos, y eso que se han gastado.millones en el sistema de gesti√≥n de equipajes...nunca aprender√°n?"
"Ordenado, iluminado, informaci√≥n clara, trato impecable, lo deseable de cualquier viajero/a"
"Nunca he esperado tanto las maletas en otro aeropuerto. Es sistem√°tico, entre 40 minutos y 1 hora de espera siempre."
"Aunque no vayas a viajar te puedes dar un paseo y recrearse con su singular y especial arquitectura. Eso s√≠ evita comer, todo CAR√çSIMO, se puede llegar en bus, metro y Renfe"
"Las instalaciones est√°n muy bien adecuadas. Hay zona infantil, lo cual como madre agradezco mucho que piensen en los ni√±os. Nos toc√≥ dormir en el aeropuerto porque nuestro vuelo sal√≠a muy temprano, y encontramos un √°rea donde los ni√±os pudieron estar c√≥modos para dormir. Dentro del Aeropuerto hay carritos para ni√±os lo cual hace mucho m√°s f√°cil la estancia en el aeropuerto con ni√±os."
"Es muy amplio, bastante f√°cil de llegar. Cada persona a la hemos ido a recoger dijo que es el m√°s grande y m√°s bonito que hayan visto."
"Es un aeropuerto muy grande y con mucha variedad de transporte para llegar y salir"
"Muy bonito, grande, imponente, con todos los servicios necesarios"
"C√≥mo puerta de entrada a Espa√±a o como lugar de conexi√≥n con otros pa√≠ses, me parece que es un muy buen aeropuerto. Por la cantidad de puertas y aerol√≠neas, c√≥mo todo aeropuerto internacional, debes considerar llegar con suficiente tiempo para evitar contratiempos. Mi experiencia personal y las diferentes veces que he pasado por aqu√≠ me permiten darle una excelente calificaci√≥n."
"Terminal 4, un hermoso edificio, c√≥modo y con todas las necesidades para el pasajero. Amabilidad y luminosidad en un ambiente tranquilo. Tecnolog√≠a para utilizar en todos los movimientos necesarios para trasladarse de un vuelo a otro, con salas de espera espaciosas y confortables. En cualquier sitio donde se encuentre, podr√° disfrutar de un caf√©, o algo para comer, comprar regalos para los seres queridos. Los servicios de lavabos impecables, como toda la Terminal 4 que he visitado tantas veces y que siempre disfruto. Muchas gracias a todo el personal del hermoso Aeropuerto de Barajas."
"Aeropuerto grande, muy bien se√±alidazado personal agradable."
"Muy funcional de facil acceso Tiene todos los trasportes p√∫blicos Personal amable y profesional instalaciones buenas Zona de fumadores"
"Excelente la ayuda del petsonal, apesar de ser muy grande el aeropuerto co. Muchas escaleras, las indicaciones te permiten desplazarte sin ning√∫n problema"
"Llevo viajando toda mi vida a Madrid y debo decir de que este es de los mejores aeropuertos que he visto. -Buen servicio. -Buena organizaci√≥n. -Buena limpieza. -Bien adaptado para personas con minusval√≠a. - Y bien conectada con las dem√°s terminales."
"Es un aeropuerto de facil acceso. Es moderno y miy bien se√±alizado"
"Buena se√±alizaci√≥n, amplia, limpia. Y su personal muy amable."
"El cercan√≠as te deja en la puerta del aeropuerto y es m√°s barato que el Metro"
"Incre√≠ble aeropuerto, es enorme, moderno, hay transporte para llevarte y tiene de todo, sin embargo es muy revoltoso, debes estar con tiempo para poder llegar a tu sala porque te puedes perder muy f√°cil y no todo el personal es amable para darte indicaciones"
"(Ene-24) La estaci√≥n tiene muchas cosas por mejorar; quiz√°s no la infraestructura, pero la forma de gestionarla deja mucho que desear. Los tableros principales muestran una grabaci√≥n de un supuesto horario de las l√≠neas y no en tiempo real, el sonido del meg√°fono no se escucha de forma clara y los tableros en los andenes no te muestran informaci√≥n entre llegadas de los trenes. Esperemos que alg√∫n d√≠a cambie para mejor ya que es una estaci√≥n insignia que lo usan muchos, especialmente turistas al llegar a Madrid."
"Hay autob√∫s lanzadera gratuito, recorre las 4 terminales, unos 8 minutos entre la 3-4.  Mejor estar con bastante tiempo de antelaci√≥n."
"Amplio y muy bien organizado. Lo malo es que hay mucha puertas de embarque, osea mucha distancia por ejemplo entre la 1 y la 50( me invento los nujmeros) y como no avisan por megafon√≠a los embarques,hay que estar atentos a las pantallas para llegar a tiempo a la puerta indicada"
"Muy completo, buenos precios de free shop y oferta en gastronom√≠a, recomendable,"
"Necesita m√°s vigilancia policial para que los veh√≠culos efect√∫en las  paradas manteniendo las normas m√°s elementales de civismo, sobre todo los VTC que parecen los due√±os del lugar; cruzando el veh√≠culo para efectuar la parada y dej√°ndolo en la misma posici√≥n para bajar pasajeros y maletas, aunque a ti te obstruyan hasta que les da la gana. Hay que efectuar las maniobras molestando lo menos posible."
"Muy equipado y muy se√±alizado. Excelente trato. Muchas tiendas de todo tipo que te hacen la espera de tu vuelo much√≠simo m√°s amena. Restauraci√≥n, tiendas de ropa, tiendas gourmet, tiendas multimarca, etc. Hay puntos de informaci√≥n no muy lejanos entre ellos en los que te informan amablemente de cualquier duda. Recomendable."
"Tranquilo. Bueno la noche de s√°bado a domingo fue as√≠. Bonita arquitectura."
"Sin dudas para m√≠ es el mejor aeropuerto de Europa, por servicios, informaci√≥n, limpieza y distribuci√≥n...cuidado con perderse o llegar con tiempo justo...porque es inmensoüòÖ‚Ä¶"
"Un monstruo. Un sitio inmenso. Te podr√≠as quedar a vivir como Tom Hanks en la pel√≠cula. Esta muy preparado. Tiene una gran variedad de sitios para comer, para comprar y varios parques infantiles para los ni√±os. Tiene varios sitios de descanso y puntos de carga para m√≥viles o port√°tiles."
"Inmenso aeropuerto, muy muy amplio, pero me encanta lo ordenado que es y la tecnolog√≠a de punta presente para identificar a los pasajeros que embarcan.  Hay variedad de servicios, desde kioscos de embalaje, pasando por restaurantes, agencias de viajes, bancos y terminando con aseos o ba√±os y por supuesto tiendas de productos de consumo"
"Todo bien. Algo apartado de la T4 pero bien. Buena conexi√≥n"
"Llegue en tren, estaba asustado porque era mi primera vez, pero fue todo muy f√°cil y a quien le pregunt√© las dudas me atendi√≥ muy bien, gracias Si esta rese√±a te ha sido √∫til dale a üëç"
"Amplio, informaci√≥n con pantallas y r√≥tulos de f√°cil lectura. Buenos accesos   con cintas mec√°nicas para acortar distancias."
"Los controles de pasaportes est√°n infra dimensionados y la recogida de las maletas va con demasiado decalaje respecto al arrivo"
"Barajas es el aeropuerto m√°s importante de Espa√±a. Consta de cuatro terminales conocidas como T1, T2, T3 y T4, as√≠ como un edificio sat√©lite de la Terminal 4,m√°s conocido porblos ""viajes internacionales"". Seg√∫n sales de llegadas, est√°n los taxis  para llevarte a tu destino, y muy seguros. Recomendado 100x100"
"Me encanta el dise√±o, lo f√°cil que es orientarse en esta terminal y los servicios de todo tipo, que son buenos y suficientes. Agradable, moderno, limpio y sobrio."
"Para m√≠ siempre es muy agradable venir  al aeropuerto Adolfo Su√°rez de Madrid, especialmente a la T4. Sus instalaciones son modernas, c√≥modas, bien se√±alizadas (si est√°s habituado a este tipo de lugares). Las conexiones con el transporte p√∫blico es excelente y si haces todo con tiempo, generalmente nunca he tenido ning√∫n problema."
"Muy bien, es una terminal muy bien se√±alizada, los aseos limpios"
"He tenido la oportunidad de estar en varias ocasiones en este aeropuerto. Siempre he tenido buenas experiencias, tanto con los empleados del control de pasaportes, tiendas, comestibles y mantenimiento.  Adem√°s es un lugar muy bien se√±alizado y limpio."
"No tuvimos mucha suerte en nuestro paso por Barajas porque nos toc√≥ una huelga de brazos ca√≠dos del personal del aeropuerto y casi perdemos nuestro avi√≥n. CREO QUE EL PERSONAL DEL AEROPUERTO MERECEN UN GRAN PAQUETE LABORAL, LO QUE NO ME PARECE ES QUE ESPEREN A LAS VACACIONES PARA IR A HUELGA. PORQUE UNO JACE UN GRAN ESFUERZO PARA PAGARSE SUS VACACIONES."
"Una terminal ya muy rodada y asequible. Ha recuperado el volumen de pasajeros y multiplicado su oferta tanto gastron√≥mica como comercial. Los puntos de atenci√≥n est√°n convenientemente ubicados y atendidos con sentido de comprensi√≥n ante la posici√≥n del viajero."
"Dise√±o espectacular,limpio,bien comunicado y muy buena atenci√≥n en general."
"Un aeropuerto moderno con toda clase de lujos, es inmenso y te puedes perder en el, quiz√° no est√° tan debidamente se√±alizado como se necesitara pero cumple su funci√≥n, est√° bien comunicado aunque est√° algo apartado del centro, sitio recomendable para viajar"
"Es enorme y es complicado llegar de un lado a otro si te toca coger el vuelo en la √∫ltima puerta del edificio"
"Excelente terminal aeroportuaria con todo lo necesario y m√°s y adaptada a las necesidades de todo tipo. Incluso con zona de fumadores, lo cual me parece una gran muestra de respeto hacia las muchas personas que fuman y a las cuales, en muchos otros lugares del mundo, se les maltrata sistem√°ticamente. Como √∫nica pega mencionaria que el equipaje tarda algo m√°s de media hora en llegar a la cinta, pero tambi√©n es entendible, dada la extensi√≥n de la dicha terminal."
"Me parece que esta muy bien se√±alizado y es muy c√≥modo  aunque ayer tuvimos que esperar casi una hora y media despu√©s de aterrizar para recoger las maletas porque llegaban las jugadoras de la selecci√≥n femenina de f√∫tbol y los empleados parece que fueron a recibirlas y verlas porque luego ven√≠an trabajadores de Iberia,  todos con los m√≥viles viendo las fotos y videos que hab√≠an tomado.  Un aeropuerto de esta envergadura no puede paralizar sus operaciones por circunstancias de este tipo, por muy alegres y contentos que estamos todos por la victoria, pero claro eso ya es problema de la gesti√≥n de los responsables de sus recursos humanos."
"Impresionante y moderna estructura !!! Espectacular todo, Salvo los precios bastante elevados de las tiendas y bares.... Ahhhh.....y la falta de ""mayor vigilancia"" (aunque fuera privada) He visto mucha gente ""pidiendo"" y otros tantos ""descuidistas "" DEBER√çA HABER M√ÅS CONTROL !!!!"
"L√≠nea C1 de cercan√≠as y correspondencia con la l√≠nea 8 de metro, estaci√≥n bien indicada, accesible y buena afluencia de trenes."
"Hoy d√≠a 17/12/23 a las 17.30 en el mostrador de facturaci√≥n n√∫mero 850 de la T4 hay una se√±ora que trata muy mal a los pasajeros. Sobretodo a los m√°s j√≥venes. Prepotente, arrogante y engre√≠da. A pesar de haber tenido la raz√≥n yo (en este caso ten√≠a que presentar un certificado) la se√±ora no me ha respetado, ni me ha dejado comunicarle el problema ni nada ya que a la m√≠nima me interrump√≠a sin dejarme hablar. A la hora de aparecer mis padres (viajaba con ellos) cambia la cara, el tono y se muestra con una GRAN sonrisa, aparte de prepotente‚Ä¶ falsa. Al final me ha tenido que dar la raz√≥n ya que si no pasaba por ese mostrador no pod√≠a volver a mi isla. Pero, eso s√≠, sin mirarme a los ojos y sin pedir disculpas y de manera despectiva me devuelve el DNI y el certificado. Gracias por la mala experiencia con esa trabajadora, espero no volver a encontr√°rmela nunca m√°s. El aeropuerto muy bonito, el resto de trabajadores muy amables, pero esa mujer‚Ä¶ deja mucho que desear."
"Las √°reas y espacios son muy amplios para realizar todo el proceso de registro y espera de vuelos. Parece que aqu√≠ si consideraron el crecimiento a futuro."
"La terminal T4 del aeropuerto de Madrid es bastante grande, muy moderna y con unas instalaciones que est√°n s√∫per bien cuidadas. Ning√∫n problema al coger el vuelo, desde la entrada todo han sido facilidades. De diez."
"Todo un ""pueblo"" dentro de una terminal, recomiendo para llegar a ella desde la M40, tomar la salida 8 y el t√∫nel de la M12, lleva a un peaje por 0,95 Euros. pero merece la pena, ya que una vez pasado el peaje, uno se encuentra a tiro de piedra de la T4, tanto para Salidas como para llegadas. Para salir de all√≠ seguir las indicaciones, es f√°cil, est√° todo muy bien indicado."
"Tardas m√°s que lo que dura un vuelo, es penoso los trayectos de avi√≥n a salida y ya no digo la espera de maletas,ojo no ha sido una vez solo,son un c√∫mulo de muchas veces. Imagino que s√≠ se paga aparte ser√° m√°s corto. Adem√°s los trenecitos..."
"Es como un aeropuerto diferente de Madrid. No tiene comunicaci√≥n interna para trasladarte dentro de las  otras terminales. HAY QUE ESTAR MUY ATENTO A ELLO. Si te equivocas puedes coger un bus interno o un taxi. Ten la prevenci√≥n de saber qu√© vas a esa terminal para no dar vueltas"
"Es un orgullo nacional....gestiona millones de viajeros"
"Demasiada gente. En fin de semana y fiestas importantes deber√≠an ampliar la plantilla. Tal vez la divisi√≥n por paises en el control ser√≠a m√°s pr√°ctico."
"Muy bien situado y se√±alizado en la T4. La estaci√≥n de la T4 tiene la entrada al mismo sitio que el tren de la RENFE. Si vas al metro tienes que comprar primero la tarjeta para el metro y despu√©s cargarla con el billete de la estaci√≥n a la que vayas o comprar un bono de 10 etc‚Ä¶ si es para la RENFE lo mismo. Tienes que comprar la tarjeta de la RENFE en las m√°quinas que vale 0,50‚Ç¨ y luego la estaci√≥n a la que vayas. La RENFE (o sea el tren) siempre es m√°s barato que el metro que te costar√° el triple.  La RENFE va a atocha y el metro va directo a nuevos ministerios, pr√°cticamente al centro de madrid. Siempre hay personal ayudando a sacar billetes."
"Una belleza de Aeropuerto"
"Enorme aeropuerto. Siempre me pierdo entre las plantas . Deberia estar mucho mas se√±alizado. En los aparcamientos no hay se√±al ninguna, coges el ascensor de forma obligada y no te indica en que planta hay cada cosa. Al final, siempre tengo que ir preguntando d√≥nde est√° el sitio donde quiero llegar. Limpio , amplio, con muchas cafeterias..."
"Excelente terminal a√©reo. De lo mejor a nivel mundial."
"Los que dise√±an los circuitos de entrada y salida no siempre piensan en que los viajeros no estamos al d√≠a de los cambios de protocolos diversos que conforman la gesti√≥n complicada de un aeropuerto. Si lo pueden mejorar ser√≠a de agradecer."
"Espectacular terminal a√©rea. Muy lejos del centro, pero bien comunicada."
"Aeropuerto muy bien organizado, con buena se√±alizaci√≥n y personal amable. Sin duda una terminal con todo lo que puedas necesitar"
"Es bastante sorprendente que en un aeropuerto no haya acceso a wifi gratuito"
"De los mejores aeropuertos del mundo enorme y sencillo de entender,  muy limpio y seguro."
"Gran idea el rinc√≥n del fumador en la T4 de Madrid"
"Una terminal es una terminal no hay mucho que decir... Excepto que hay una sala de fumadores que para algunas personas les hace m√°s llevadero la espera."
"Muuuuy grande ...f√°cil te pierdes....llega temprano..."
"Normal.  Si viene en el metro hasta la T4 debes pagar adicional para entrar."
"Dan por supuesto que todos los viajeros usamos diariamente las instalaciones y conocemos a la perfecci√≥n los pasos que tenemos que dar para facturar equipaje y embarcar."
"Por la ridicules de Covid, si vienes a despedir a una persona no podr√°s pasar hasta la entrada ni irte en Metro!"
"Bien es muy grande y si tienes q ir a la T4S, tienes q ir con el tren es un trayecto de 5'de una sola parada. Recomiendo seguir la se√±alizaci√≥n es un poco confusa, especialmente la flecha q indica q debes seguir recto, por apunta hacia abajo y da a entender q debes bajar a otra planta. üëç‚Ä¶"
"Grandiosidad.. si no vas atento es posible que te pierdas..de todo y para todos... El inconveniente que veo creo para mi entender que se suben a las nubes con los precios en todas las tiendas"
"Un poco descuidado y sucio. Y no hablar de la √°rea vip de aena. Sucia, poco surtida en productos,  y personal descuidado y sin ganas de trabajar. Parece m√°s un bar de carretera sin desmerecer a dichos bares."
"Las puertas de embarque casi no tienen asientos. Parece incre√≠ble con la cantidad de retrasos que hay."
"Impresionante la zona de juegos infantil. Grande, limpia, muchos juegos posibles, libros, cambiadores, zona de cunas... nunca vi algo igual y gratis para los viajeros. GRACIAS!"
"Muy bien"
"Un aeropuerto magn√≠fico, a la altura de Madrid con muy buenas conexiones al centro"
"El acceso por esta terminal al sistema de trenes es bastante f√°cil. Todos los que trabajan en el aeropuerto son muy amables. Tiene variados locales."
"Un poco de desorden ya que es muy grande el aeropuerto no consigues quien te informe y los pasajeros est√°n algo perdidos podr√≠an poner m√°s personal que ayude a los usuarios ya que hay muchas personas que por no tener informaci√≥n pierden los vuelos de conexi√≥n"
"Moderna y funcional. Las puertas autom√°ticas de entrada son una pasada"
"Genial, muy f√°cil de ubicarse, todo tipo de restaurantes y tiendas."
"El aeropuerto es muy moderno, hist√≥ricamente el m√°s importante entre Am√©rica y Europa, a la hora de entrar por migraci√≥n podr√≠a mejorar ya que las filas se hacen un poco largas y se demora demasiado."
"La terminal es muy grande pero est√° muy bien se√±alizado todo. Todo tipo de negocios con varios restaurantes. Zonas de descanso c√≥modas."
"Llegamos de Londres y enseguida nos ayudaron muy bien!  ISABEL es excelente y nos ayudo a usar la m√°quina y nos recomend√≥ la mejor forma de pasar el d√≠a en Madrid!"
"Una terminal bonita est√©ticamente, pr√°ctica y bastante √°gil."
"Mucha gente, es bonito y buena informaci√≥n. Ba√±os limpios, de fuera y los de de dentro por los restaurantes limpios pero algo inc√≥modo los  dispensadores de aluminios dif√≠cil sacar papel de una capa."
"Excelentes instalaciones aeroportuarias"
"Gran variedad de tiendas... hay que recorrerlo pero est√° bastante bien se√±alizado!! Me encant√≥ ver exhibida la obra de un gran ecuatoriano #Guayasamin üíØ‚Ä¶"
"Muy limpio y bonito. Pero llevo 1 hora y media esperando a que salgan las maletas. Muy lento y mal organizado. El control de inmigraci√≥n ha tardado 1 hora porque las m√°quinas no funcionaban correctamente. Una sensaci√≥n bastante odiosa despu√©s de un vuelo largo."
"Muy bueno todo se√±alizado"
"Vaya timo lo del suplemento de 3‚Ç¨. Puse dos suplementos en mi tarjeta de transporte contando con la vuelta del viaje, dos d√≠as despu√©s y parece ser que los suplementos s√≥lo sirven para el mismo d√≠a que los compras. Y yo pregunto: ¬øpara qu√© dejan comprar m√°s de un suplemento si s√≥lo valen para el mismo d√≠a? Genial Metro de Madrid, un gusto volver a casa en metro."
"Bastante limpio lo que falta que los funcionarios no son competentes como aeropuerto as√≠ tiene que tener cartel informaci√≥n el resto est√° bien"
"Probablemente la T4 es una de las mejores terminales de aeropuerto del mundo."
"Por lo menos en lo que respecta al metro est√° todo muy correcto"
"Una terminal preciosa, c√≥moda, muy c√≥moda. Muy bien se√±alizada, con los tiempos a las puertas bien indicados. Lo √∫nico son los precios de las cafeter√≠as y restaurantes que son prohibitivos"
"Falta mayor se√±alizaci√≥n para gu√≠a al turista, acceso para trenes,buses y metro, indicadores de camino ,gu√≠a de acceso, por ser un aeropuerto gigante se requiere est√°s ayudas. Debi comprar una sinkar para lograr orientarme"
"Me encanta su arquitectura."
"C√≥modo y agradable. Posee variedad de tiendas y servicios p√∫blicos."
"Barajas, ese sitio donde la compa√±√≠a a√©rea te dice que si hay un error en la informaci√≥n del bueno es culpa del aeropuerto y el aeropuerto te dice que es de la compa√±√≠a a√©rea.... Viva la responsabilidad y el buen hacer!!!"
"P√©simo todo las maquinas del tax free rotas trabajadores desagradables que no saben dar ning√∫n tipo de orientaci√≥n en fin"
"Seguramente habr√°n le√≠do noticias sobre la calidad del aeropuerto y sus obras para facilitar el transporte sostenible (nueva estacion de autobuses). Y todo esos palabras que est√°n tan de moda hoy d√≠a. Pues bien: est√° 'prohibido'  moverse a pie hacia las localidades m√°s cercanas (VALDEBEBAS y BARAJAS), cuyo trayecto dura menos de media hora. Trayectos saludables para viajeros y empleados que deseen tener esos barrios como origen o destino andando, hoy d√≠a no son posibles, pues no hay carril peatonal alguno, cosa que no sucede en el resto de importantes aeropuertos europeos. A alguien se le habr√° olvidado que siempre se debe poder acceder a pie a los sitios importantes. Curioso."
"F√°cil usar f√°cil llegar!"
"Un aeropuerto moderno, muy espacioso y c√≥modo. Con aseos , zonas para descansar y conectarse a la corriente el√©ctrica, m√°quinas de vending y cafeter√≠as disponibles. Realmente pr√°ctico y claro en las indicaciones de las puertas de embarque e informaci√≥n de vuelos. Sorprende el buen estado de limpieza en el que siempre se encuentra. Muy recomendable para una escala."
"Espa√±a tiene un hermoso aeropuerto, amigable. Un excelente servicio de transporte.  Hay que tomar en cuenta que es muy grande y se debe prevenir eso. Ir a los vuelos con tiempo para evitar contratiempos. Feliz vuelo viajeros!!! Estoy a la orden si necesitan apoyo para organizar el  viaje ig @aranasmile"
"Es la terminal m√°s espectacular e impresionante que he visto jam√°s. Gracias a Rogers su arquitecto, cuando la gente entra a Madrid por esa terminal dicen cosas como '' si existe esto aqu√≠, c√≥mo ser√° Madrid?. Adem√°s de su arquitectura es completa en todo lo dem√°s."
"Bien ordenado y distribuido, el tren de transporte entre terminales bien mantenido, en este terminal hay pantallas bien localizadas para informaci√≥n de los vuelos y las puertas de salida, recientemente que estuve en la epoco de verano con mobilizaci√≥n alta de pasajeros por las vacaciones todo se mov√≠a sin ning√∫n estancamiento relevante. Buena atenci√≥n y administraci√≥n del terminal."
"Un aeropuerto muy grande pero le falta un poco m√°s de opciones para comer algo o tomar algo sobre todo si tienes que esperar para tu siguiente vuelo"
"Los de seguridad dan pena. Que tranquilidad tienen algunos. L√°stima de no verlo sus jefes y mandarlos al paro. Gente esperando por qu√© es mejor estar de risas en vez de hacer su trabajo lo mejor posible"
"Al preguntar en informaci√≥n de renfe como puede ir a Madrid , no son precisos y ap√°ticos. No Dan informaci√≥n suficiente  al final te tienes que buscar como llegar a Madrid centro"
"Un laberinto...pero bien..."
"Una terminal muy amplia, con wifi, deberia de haber un mapa virtual para poder encontrar mas rapido los lugares"
"Como todos los aeropuerto el sistema de asignaci√≥n de puerta es una aut√©ntica basura, no puede ser que te tengan corriendo y buscando una puerta que te pueda tocar al otro extremo, falta ayuda y falta de informaci√≥n, esto deben mejorarlo"
"Est√° muy bien, con un mont√≥n de tiendas para poder coger alg√∫n detalle, as√≠ como cafeter√≠as, ba√±os etc. Todo lo necesario para hacer la espera m√°s corta"
"Para empezar es un aeropuerto muy grande pero est√° bien se√±alizado para el turista, por lo que le doy un diez de diez, bien atendidos por migraci√≥n, el pero es las l√≠neas a√©reas que trastornan   la salida de los equipajes del avi√≥n hacia las bandas, eso no es problema del aeropuerto."
"El aeropuerto peor se√±alizado que he visto en mi vida y con menos trabajadores a los que preguntar. Los 2 o 3 con los que nos cruzamos gritando en espa√±ol (aeropuerto internacional cuidado) y contestando mal a la gente que preguntaba, evidentemente los que tuvieran alg√∫n problema de audici√≥n o simplemente fueran extranjeros no se enteran de nada. Es m√°s, vimos como una pasajera angloparlante se iba gritando eso mismo en ingl√©s. Menudo aeropuerto internacional en el que no son capaces de poner carteles en un par de idiomas ü§¶üèª‚Äç‚ôÇÔ∏è"
"A mi me encanta este aeropuerto tan bonito y moderno. Personal de sobra suoer amable y eficiente. Todas las informaciones se ven de maravilla y al bajar del avi√≥n ya nos informan de donde se hacen los enlaces y recogida de maletas. Enseguida ves informaci√≥n tur√≠stica. L√≥gico que Madrid y Esoa√±a sean referencias mundiales de turismo"
"Buena organizaci√≥n y buenos servicios, pero los controles covid son por cumplir y est√°n muy mal gestionados. La se√±alizaci√≥n en general del aeropuerto es muy buena y eres capaz de encontrar todo sin necesidad de preguntar a nadie. Una cosa a destacar es la limpieza de los ba√±os y que haya fuentes para beber agua, cosa que no se ve en otros pa√≠ses."
"Esta terminal nunca me decepciona, desde su estilo arquitect√≥nico hasta las prestaciones y servicios que ofrece, la T4 es en definitiva uno de los lugares que m√°s le dan prestigio al aeropuerto Adolfo Su√°rez Madrid Barajas. Si vienes de paso o si vas a quedarte a Madrid realmente este sitio es un muy buen punto de bienvenida! No te lo pierdas!!! üòâ"
"Creo que se derrocha energ√≠a en calefacci√≥n, fuera hay unos hermosos 10¬∞C, pero aqu√≠ dentro hay un aire viciado y muy caliente, tanto que me he de quedar en manga corta... no me parece necesario. Me encuentro aqu√≠ tirado en el suelo porque el terminal no tiene suficientes asientos para esperar al avi√≥n que ha de llegar. Adem√°s, para llegar aqu√≠ he tenido que pasar m√∫ltiples controles, alguno de manera repetida. El control est√° bien como idea, pero la ejecuci√≥n es p√©sima. Los asistentes (todos) han de ir vociferando a los viajeros d√≥nde ir porque no tienen una estructura clara que los guie. Increpan a la gente por bloquear puertas de control por ir ""donde no les toca"" cuando en realidad es error de organizaci√≥n. Para ser el aeropuerto de Madrid me ha parecido un chiste"
"He viajado desde Madrid a Argentina sola y el personal administrativo de Iberia me hizo pagar 350 euros de equipaje cuando no justificaba. Y al verme sola me cobraron de m√°s, a una persona le cobraron por kilo y 85 euros.  Hice la denuncia pero no se hacen cargo. Te contestan v√≠a web, no hay una oficina, con argumentos irrisorios. Son unos sinverg√ºenzas. Nunca m√°s vuelo por esta compa√±√≠a. Las azafatas del vuelvo te gritan si no quieres la comida, ba√±os sucios y te roban con el equipaje al verte sola. Tengan cuidado. Tengo ticket de lo que pagu√© pero Iberia prefiere estafar a las mujeres que viajan solas y les cobra lo que no corresponde. #IberiaSinverguenzas #IberiaEstafadores Mi n√∫mero de m√≥vil es 651548383 Licenciada Laura In√©s Mendivelzua Costabile"
"Ten√≠a una escala un tanto larga con mi hijo de 3 a√±os pero fu√© genial. El personal muy amable (no como en la terminal 3 al llegar), todo estaba abierto, ba√±os limpios, fuentes para rellenar el agua por todos sitios y lo mejor, hay zonas de recreo para los ni√±os cada pocos metros."
"Est√° muy bien"
"Es un aeropuerto en el que es f√°cil orientarse. No te pierdes, est√° muy bien se√±alizado"
"Yo Tengo la intenci√≥n de volver m√°s a menudo."
"Todo est√° muy bien organizado y bien se√±alado. De d√≠a hay much√≠sima luz natural. De f√°cil acceso con cualquier medio de transporte y con bus gratis desde la terminal 1-2-3."
"Acabo de pasar por el por el control de seguridad VIP de la Terminal 4. Todos han sido muy amables menos un se√±or mayor (vigilante de seguridad) del control de seguridad del filtro VIP. Me ha dicho palabras textuales: ""si no sabes c√≥mo poner el equipaje para pasar un control de seguridad no viajes, cu√°ntas personas catetas"" Llevaba la acreditaci√≥n aeroportuaria volteada y le no le ha querido dar la vuelta para ver sus datos cuando se lo he solicitado. Trato por parte de una de las personas del control de seguridad VIP nefasto."
"Mala atenci√≥n de la Guardia Civil cuando se realiza el tr√°mite para la devoluci√≥n del tax. Te mandan de un sitio a otro y no te facilitan las cosas. Que pena! Esto tambi√©n es marca Espa√±a. Iberia no tiene sobres para darte! Incre√≠ble!"
"Aeropuerto grande y bien organizado con un clima muy c√°lido. Tuve la oportunidad de pisar esta terminal para volver desde N√°poles. Fue sencillo localizar mi equipaje y poder salir de dicha terminal. Al haber llegado tarde, vi todo muy silencioso. Desconozco si es el t√≠pico ambiente que se respira en este lugar. Nada m√°s salir, encuentras r√°pidamente una cola para poder recoger taxis."
"Aeropuerto grande c√≥modo y activo. T4 entras al Wifi f√°cil a trav√©s de FACEBOOK como enlace"
"Si tuvieran la consideraci√≥n de distribuir las tiendas y bares que no impidieran el paso a los que llevan prisa para embarcar, ser√≠a un logro. No s√≥lo este aeropuerto, sino en todos"
"Muy bien se√±alizado"
"No es muy concurrida, hay espacios casi vacios donde puedes descansar y esperar los vuelos, las ipciones pars comer son muy pocas y no hay variedad. En resumen el Aereopuerto es tranquilo."
"A 1 de julio no hay ni un sitio donde sentarse en el aeropuerto a esperar la llegada de pasajeros. Con suerte he conseguido un hueco en la zona de fumadores, que son los √∫nicos que por lo visto, tienen derecho a sentarse. Tampoco hay ni un wc abierto. Horrible. El trato al p√∫blico de -20. Muy mal."
"F√°cil de entender, pero como en todos los aeropuertos cualquier cosa que quieras beber o comer, muy cara incluso las cosas del duty free"
"Como Aeropuerto Internacional tiene una infraestructura digna, pero faltan tiendas y restauraci√≥n. Hecho de menos Burguer King, que ofrece oferta vegetal, ya que en McDonalds salvo un helado, poco puedo comer..."
"Est√° bien. Relativamente limpio y bien organizado. Muchos servicios"
"Muy mala su se√±alizaci√≥n, desde la estaci√≥n de guaguas hasta conseguir llegar a la terminal T4. Poco personal en los mostradores de facturaci√≥n."
"El metro en Madrid muy bien en general. Lo que no me gust√≥ y me parece una estafa es tener que pagar 3 euros por persona por utilizar las paradas del aeropuerto. Fuimos 3 personas y entre ida y vuelta 18 euros m√°s el viaje normal del metro. Me parece excesivo y es lo √∫nico a lo que le puedo poner alg√∫n pero."
"Terminal muy amplio y limpio, excelentes servicios de conexi√≥n con otras terminales (bus en el piso 0) y portaequipajes en todos los pisos. Ser√≠a bueno m√°s opciones de restaurantes."
"Hermoso aeropuerto y GIGANTE hasta hay trenes, metro y buses que salen de all√≠ hacia el centro de la ciudad de Madrid y tambi√©n hay servicios gratuitos que te llevan de una terminal a otra por las grandes distancias"
"Una terminal muy moderna pero conviene llegar con tiempo, ya que algunas puertas de embarque est√°n a 20 minutos tras pasar el control. Lo de que los carros para las maletas cueste 5‚Ç¨ es un robo"
"Impactante lo grande de este aeropuerto, pero deber√≠an tener enchufes de carga en los asientos, en el sector que estuve...no hab√≠a donde recargar celular"
"El aeropuerto s√∫per mega sucio lleno de bacterias tengo Corona virus solo por la aerol√≠nea air europa s√∫per sucia , no desinfectan nada todo sucio sillones las mesas todo lo m√°s fuerte se creen Emirates , nada de protocolo donde hay un  lo tienen all√≠ metido"
"La higiene en el aeropuerto es destacable, el camarero en la atenci√≥n al cliente me record√≥ mucho a m√≠ jijijijiji a lo que va, no se entretiene... Es audaz, eficaz... Esta para vender y punto.."
"Dise√±o de primera, el techo ondulado le da una sensaci√≥n de amplitud a todo el espacio, el uso de la luz natural como artificial es de maravillosa, cuenta con 6 niveles conectados por medio de puentes hacia la avenida. Conectada con el metro. Wifi gratuito."
"Probablemente el mejor aeropuerto de Europa. En organizaci√≥n, servicio, informaci√≥n y puntualidad. Este √∫ltimo par√°metro √∫ltimamente es perfecto, aunque l√≥gicamente puede verse alterado en  cualquier momento."
"Inmenso aeropuerto con mucha seguridad, dicen que es uno de los aeropuertos m√°s dif√≠ciles de pasar, uno de  los filtros de Europa. Saludos para todos."
"No se quien organiza el transporte de este lugar pero es de mirarse. No hay informaci√≥n de a que v√≠a de tren debes de ir. Ves muchas personas nerviosas y preguntando los destinos de los trenes. Pat√©tica organizaci√≥n."
"La terminal T4 del aeropuerto de Madrid-Barajas es la m√°s grande y nueva, utilizada principalmente por IBERIA y su grupo (British Airways, Iberia Express, Air Nostrum, American, Vueling y resto de aerol√≠neas IAG/One World). Aunque la facturaci√≥n es com√∫n y se hace desde la planta alta (+2) y las llegadas lo hacen por la planta baja, dentro est√° separada en dos: T4 con las puertas de embarque H-J-K y sat√©lite T4S con los puertas M-S. Ambas terminales est√°n unidas por un tren sin conductor y gratuito que circula frecuentemente entre ambas. En ambas tambi√©n hay todo tipo de tiendas, cafeter√≠as y varias salas VIP. En la puerta hay conexi√≥n r√°pida al centro de Madrid mediante la l√≠nea 8 de Metro y Tren Cercan√≠as de RENFE. Tambi√©n est√° conectada directamente con rutas de autob√∫s ALSA a distintos sitios de Espa√±a."
"TUVE UNA MALA EXPERIENCIA ... ME CONVENCIERON PARA DESPACHAR VALIJA DE MANO ( QUE TEN√çA PRIORIDAD ) POR SER YO PERSONA QUE VIAJABA CON ASISTENCIA ... ME ROBARON !!! IBERIA NO SE HIZO CARGO !!!"
"No pidan ayuda en esta estaci√≥n, el chico de coleta es la persona m√°s borde que he visto en mi vida, no tienen paciencia para trabajar con el p√∫blico! Un amigo vino a visitarme a Madrid y esta es la primera imagen que se llev√≥, no pudieron ayudarlo a pagar el suplemento aeropuerto, casi que lo hizo por obligaci√≥n este chico( venga que hay personas que necesitan m√°s tiempo que otras).Que triste que estas cosas pasen en medio de una pandemia."
"Es una terminal muy bien se√±alizada y el personal que te atiende es  muy amable"
"Maravilloso..."
"Lo peor es la forma en que t atienden en los filtros de control para acceder a la zona d embarque"
"La arquitectura impresiona, pero falta una terraza para fumadores."
"Muy bien todo, suele estar muy concurrido a diario pero buena atenci√≥n y buenos sitios donde tapear o comer"
"Llegu√© al metro y me informaron que tendr√≠a que comprar el suplemento de 3‚Ç¨ por cada viaje. Como iba a volver al d√≠a siguiente a recoger a mi mujer, ya compr√© 4 suplementos para evitar colas. Resulta que el suplemento del metro EXPIRA el mismo d√≠a, por lo que pagu√© 9‚Ç¨ extra que no son reembolsables."
"Aeropuerto muy grande y una terminal muy grande. Muy buena oferta de restaurantes y tiendas. Ba√±os limpios y, a pesar del tama√±o, todo est√° muy bien se√±alizado y es f√°cil de encontrar."
"Uno de los aeropuertos m√°s interesantes que he visto en mi vida. La estructura arquitect√≥nica desde fuera y desde dentro causa una impresi√≥n sorprendente. Bien comunicado con la ciudad. Puedes llegar f√°cilmente en metro o en taxi por 30‚Ç¨. Hay muchas instalaciones en el aeropuerto. Servicio √∫til. Una soluci√≥n interesante para las aerol√≠neas de Iberia en materia de autofacturaci√≥n de equipaje. En este caso result√≥ que el servicio no era del todo competente. Un se√±or, al facturar el cochecito de beb√©, dijo que no necesita ninguna etiqueta, al salir de la zona de entrega de equipaje, la se√±ora dijo que s√≠ y nos envi√≥ a la ventanilla donde finalmente pusieron la etiqueta, diciendo que no. No lo necesito ü§¶üèª‚Äç‚ôÇÔ∏èü´£"
"Parece que no tienen suficiente personal durante nuestra llegada el s√°bado, colas enormemente largas para cualquier pasaporte. Hicimos cola durante varios minutos antes de descubrir que est√°bamos en la cola equivocada. La persona que gestiona la cola est√° en el medio, no al final, de ah√≠ la confusi√≥n. Salir de Madrid es todo lo contrario, muchos de los agentes de inmigraci√≥n esperan a que alguien les atienda. El aeropuerto es hermoso üòç. Arquitectura moderna con muchos espacios para moverse."
"Arquitectura realmente bonita, limpia y de f√°cil acceso. Como cualquier otro aeropuerto, lleno de gente y colas, especialmente en esta √©poca del a√±o. Bastante sorprendido y decepcionado por el cargo extra del metro para llegar al aeropuerto, 1 euro podr√≠a ser m√°s razonable, no 3. Ve con tiempo si necesitas tomar el transporte interno hasta la terminal S, ya que puede tardar entre 20 y 25 minutos."
"La terminal de afuera por donde puede circular toda la gente, est√° como abandonada entre medianoche y las cinco de la ma√±ana, comercios cerrados y servicios reducidos, pocas sillas para que la gente se siente a esperar y la gente se acumula en el suelo, como no lo hicimos nosotros. Ten√≠amos maletas para facturar y ya hab√≠amos hecho el check-in electr√≥nico, logramos entrar a la sala de embarque, pero no cambi√≥ mucho, pero ya hab√≠a enchufes para cargar nuestros celulares y m√°s sillas para sentarnos, adem√°s de un Tienda Mcdonalds donde tomamos un caf√©. Pero, una gran decepci√≥n, nunca imagin√© que uno de los aeropuertos m√°s grandes del mundo quedar√≠a vac√≠o."
"Aeropuerto bien integrado que ofrece una variedad de tiendas y restaurantes. El personal tambi√©n fue eficiente y amable."
"Genial, limpio, luminoso y eficiente. A menudo circulan hermosos trenes limpios. Podr√°s conectar con todo Madrid f√°cilmente. Me encanta tomar el metro aqu√≠."
"Todo va bien en el aeropuerto. Moderno y bien mantenido. Yo dir√≠a que el personal necesitar√≠a capacitarse m√°s en todas las operaciones b√°sicas del aeropuerto, por lo que no faltan preguntas y respuestas generales."
"Los ba√±os est√°n limpios, las tiendas y los bares son agradables, aunque no hay lugar para tomar una bebida adecuada. Las bandejas de control de seguridad est√°n sucias, pero en general el lugar es agradable, c√≥modo y limpio."
"Aeropuerto decente no muy concurrido. El personal del aeropuerto y el personal de la aerol√≠nea se portaron bien. Despu√©s de las 21.00 horas hab√≠a menos tiendas. Aunque MC Donald's est√° abierto las 24 horas."
"Este es un aeropuerto bien organizado. Todo el personal de Aena trabaja duro para que siga as√≠. Toda la informaci√≥n de vuelos y puertas de embarque se encuentran en los pasillos. Siempre muy limpio."
"No hay buena comida en la terminal. Tengo hambre. Gracias a Dios mi pr√≥ximo paso es Viena. Conseguir√© algo de comer."
"Perfecta conexi√≥n entre el aeropuerto de Madrid y el centro de la ciudad. Precio modesto y servicio de tren r√°pido y sencillo.  ¬°Un gran inconveniente es que los miembros del personal no hablan ingl√©s y las m√°quinas expendedoras de boletos tienen una traducci√≥n de broma del espa√±ol a otros idiomas (80/20)!"
"Uno de los aeropuertos m√°s bellos en los que he estado.  Fue f√°cil acceder en tren y el personal es muy amable y tranquilo al comunicar el protocolo, que era bastante diferente al de Estados Unidos.  Tenga sus l√≠quidos en una bolsa ziplock separada."
"Uno de los aeropuertos mejor organizados de todos los tiempos."
"Un terminal con techo de madera que da una extra√±a sensaci√≥n de estabilidad. Era m√°s grande de lo esperado y estaba bien mantenido. En el nivel de salida casi no hay lugar para sentarse un rato. Lo mismo ocurre con el acceso a la zona de operaciones. Si no tuviera una tarjeta PP, habr√≠a sentido dolor."
"El flujo de tr√°fico es muy confuso. La entrada deber√≠a estar marcada con un mostrador de aerol√≠nea en lugar de usarse como mostrador de informaci√≥n. Adem√°s, despu√©s de pasar la aduana, est√° marcada con una puerta. Esto es a√∫n m√°s exagerado. -In a√∫n no han salido del √°rea de embarque, uno est√° marcado con jhk tres a la izquierda y a la derecha, lo que significa que toda la fila de puertas de embarque de la terminal tiene oportunidades, lo que significa que todos est√°n invitados a comer, beber y comprar deberes. -¬°Productos gratis! Debes comprar un billete para la tasa aeroportuaria al entrar al aeropuerto; de lo contrario, te pillar√°n en la salida del metro. De hecho, esta estaci√≥n es muy hermosa, si dejamos de lado el dise√±o interno y las marcas poco claras, es un aeropuerto bastante bueno."
"Aeropuerto muy moderno y futurista, una estructura que realza el dise√±o del dise√±o. Separada de las otras terminales T1, T2 y T3, se encuentra a pocos kil√≥metros de ellas y cuenta con un servicio de conexi√≥n gratuito. Est√° dedicado principalmente a vuelos de Iberia y compa√±√≠as a√©reas asociadas y se divide en tres zonas: la de los mostradores de facturaci√≥n con el paso por los controles de seguridad, la del laberinto de tiendas por el que, con cierta dificultad, hay que salir para llegar a la tercera zona, donde se encuentran las distintas puertas."
"Terminal muy grande pero muy f√°cil de navegar, excepto si tienes que ir al sat√©lite, que lleva m√°s tiempo, as√≠ que planifica con antelaci√≥n. Los perros y restaurantes est√°n ubicados en el centro y al final hay tiendas de conveniencia m√°s peque√±as con casi de todo. Como es habitual en los aeropuertos, los eventos deportivos son m√°s caros y la calidad de los souvenirs no es muy buena, pero con prisa puedes encontrar lo que olvidaste en casa o lo que quieres llevarte a casa para recordar tus viajes."
"La zona de tr√°nsito es agradable y hay mucho para comer. McDonald's tiene precios como los de fuera."
"Bien, esta vez no es necesario quitarse los zapatos, tenga en cuenta que algunos pa√≠ses son diferentes."
"La Terminal T4 ofrece al visitante la impresi√≥n y la experiencia de un aeropuerto estupendo, moderno y espacioso, completamente inundado de luz, en el que no hay ofertas en la zona de tr√°nsito: desde parques infantiles magn√≠ficamente acondicionados hasta tiendas, aseos limpios, numerosos portales de informaci√≥n y una farmacia... - desaparecida. Por el contrario, los aeropuertos berlineses de Sch√∂nefeld y Tegel parecen parques infantiles de pueblo, reliquias de una √©poca pasada."
"Llegu√© de noche, estaba pensando d√≥nde acostarme a dormir mientras esperaba un traslado, y luego hab√≠a lugares VIP donde pod√≠as recostarte y recargar energ√≠as, e incluso hab√≠a cierto caj√≥n donde pod√≠as poner cosas, pero era Estaba realmente cerrado y no hab√≠a llave. En general es un aeropuerto bastante grande, bueno, los espa√±oles revisaron con bastante atenci√≥n el contenido de la maleta, escanearon el agua sellada, pasaron una especie de rayas sobre la comida, en general la seguridad est√° en buen nivel)"
"R√°pido y eficiente. Buena ayuda con la orientaci√≥n del personal."
"Muy buena estaci√≥n de metro, forma r√°pida de ir y volver de la ciudad. Zona limpia del aeropuerto, con farmacia, cafeter√≠a, restaurante y tienda de telefon√≠a. El taxi al centro de la ciudad cuesta (creo) un precio fijo de 30 ‚Ç¨, pero puedes tomar el metro, es r√°pido y limpio tambi√©n. ¬°¬°¬°Disfruta de la ciudad!!!"
"Zona de no fumadores en el aeropuerto, WiFi no funciona. Por lo dem√°s, distancias muy grandes y, por tanto, largas. Pero todo est√° bien se√±alizado y la arquitectura es agradable."
"Me gusta mucho la terminal 4. La arquitectura y el dise√±o muy bonitos. Cercan√≠a y metro te llevan al centro de la ciudad. posible dormir"
"Esta es la peor estaci√≥n de tren en la que he estado. Las m√°quinas expendedoras de billetes est√°n disponibles en ingl√©s, alem√°n y franc√©s pero s√≥lo para el tema de la p√°gina. Esto da como resultado que me pare con gafas de traducci√≥n frente a la m√°quina e intente comprar un boleto de adulto para el Centro. El. El tren no llega en una hora donde est√°n previstos 4 trenes (C1 y C10). El locutor solo habla en espa√±ol y solo para los trenes del metro que llegan."
"Me encant√≥ por su grandeza. Hay muchos lugares para cargar celulares u otros dispositivos y si necesitas agua, simplemente toma un vaso de autoservicio de Starbucks y ll√©nalo con agua en los bebederos, lo cual es bastante aceptable. Podr√≠a haber m√°s lugares donde dormir gratis o de forma accesible para cuando tengamos escalas largas."
"La Terminal 4 del Aeropuerto de Madrid es impresionante en todos los sentidos. Su moderna arquitectura, eficiencia operativa y amplia gama de servicios hacen que la experiencia del pasajero sea excepcional. La organizaci√≥n interna y las opciones de tiendas y restaurantes facilitan la navegaci√≥n y garantizan la comodidad. El dise√±o contempor√°neo y la facilidad de acceso contribuyen a un paso agradable por el aeropuerto."
"Se siente m√°s ca√≥tico que la T1 y la T2. Cuando regres√© esta vez, personalmente experiment√© la sensaci√≥n de que mi equipaje facturado no llegaba en el mismo avi√≥n. Fueron necesarios m√°s de 3 horas para esperar, consultar y hacer cola para realizar los tr√°mites pertinentes. Afortunadamente, el personal del aeropuerto tuvo una buena actitud."
"Todo sali√≥ bien. Se fue con Iberia. Realic√© el check-in en l√≠nea e imprim√≠ las etiquetas de mi equipaje al llegar a la terminal. Todo fue r√°pido. La zona est√° limpia y la arquitectura es muy bonita. Si est√° interesado en aparcar su coche, elija B, C o D, porque la entrada a la terminal est√° frente a la salida C."
"Aeropuerto gigantesco.... Muy limpio considerando el tama√±o, bien ventilado, silencioso.... M√°rmol en el suelo Fachada acristalada de n√≠quel. Altura del techo alto Es imposible no encontrar el camino, es sencillo...."
"Nunca he visto una navegaci√≥n tan incomprensible en ning√∫n otro lugar, aparentemente los espa√±oles tienen una mentalidad diferente. Solo hay que verlo. Las terminales bien mantenidas y construidas concienzudamente son una ventaja, pero la log√≠stica definitivamente debe llevarse al nivel internacional."
"Terminal moderna, con mucha luz y correcta climatizaci√≥n. Los precios de las distintas empresas son elevados, como en todos los aeropuertos."
"El dise√±o es √∫nico y bonito. Est√° ocupado, pero siento que est√° bien organizado. Es agradable porque es f√°cil moverse por Europa."
"S√≥lo lo uso para traslados en tren <> autob√∫s. Para ello es perfecto(o)."
"Sus tiendas son muy buenas, pero cuando vas a las puertas no te permiten llevar agua y, cuando pones las maletas a facturar, son una l√°stima que te digan que tienes que poner los m√≥viles, las tablets. , ordenadores, etc y tus cremas, perfumes, cualquier liquido o cremas fuera de tus bolsos! Por eso una persona cogi√≥ mis cosas y le agradeci√≥, mis entradas se perdieron!!! ¬°Casi me pierdo mi ‚úàÔ∏è!"
"Gran servicio e indicaciones f√°ciles de seguir. S√≥lo hay un problema: el idioma. Muchos oficiales s√≥lo hablan espa√±ol, muy poco ingl√©s y pr√°cticamente ning√∫n otro idioma. Esto puede ser un problema cuando tienes clientes que no hablan espa√±ol. Si solucionan esto su terminal ser√° verdaderamente el mejor de Espa√±a."
"Siempre al menos una hora de espera para el equipaje, una pena."
"La nueva terminal del aeropuerto est√° alejada de las otras tres a pocos minutos en coche. Los pasajeros pueden tomar un autob√∫s lanzadera para llegar a las diferentes terminales. El vest√≠bulo de la terminal es espacioso, lo que brinda una experiencia agradable a la llegada. El piso y las ventanas est√°n limpios y luminosos, y las instalaciones p√∫blicas est√°n bien mantenidas para su uso. Las se√±ales son claras para que los viajeros vean y conozcan el camino. Es bueno pasar por aqu√≠ cuando se traslada a la ciudad."
"¬°Aeropuerto eficiente y vers√°til! ‚≠ê‚≠ê‚≠ê‚≠ê‚≠ê 5 de 5 estrellas Nos impresion√≥ la terminal del aeropuerto de Madrid. El control de seguridad se llev√≥ a cabo de forma r√°pida y sin problemas, lo que hizo que nuestro viaje tuviera un comienzo agradable. La amplia selecci√≥n de tiendas y restaurantes locales fue impresionante, aunque optamos por la comida r√°pida debido a los precios. Un elogio especial merecen los numerosos asientos en la puerta de embarque, que nos permitieron relajarnos y esperar nuestro vuelo. ¬°Una experiencia totalmente positiva! Las maletas tambi√©n llegaron r√°pidamente al llegar. Un peque√±o consejo a la llegada. Cuando llegues, llama a un taxi usando la aplicaci√≥n y espera en la zona de espera de taxis. En lugar de esperar 30 minutos, pude conducir en 5 minutos. Tampoco hay desventajas debido al precio fijo de 30‚Ç¨ para la ciudad."
"Conexi√≥n r√°pida a la ciudad. Una parte bastante peque√±a del aeropuerto. Bien estructurado y todo es f√°cil de encontrar. McDonald's est√° abierto las 24 horas del d√≠a, por lo que nunca pasar√°s hambre all√≠."
"Perfecto Aparcamiento c√≥modo pero un poco caro y f√°cil acceso al aeropuerto.  El √∫nico inconveniente, una vez pasados ‚Äã‚Äãlos guardias de seguridad, es que no es f√°cil orientarse... a veces est√° muy mal se√±alizado y no se corresponde con el ticket... en definitiva, ¬°s√© ingenioso!"
"Uno de los aeropuertos m√°s bellos en los que he estado. Excelente y econ√≥mico sistema de transporte p√∫blico al centro de la ciudad."
"Dudo mucho de hablar del aeropuerto, pero Espa√±a es algo que tengo que comentar. Los precios son excelentes en comparaci√≥n con otros pa√≠ses, la gente es extremadamente amable y la comida deliciosa."
"Hermoso aeropuerto / hermoso aeropuerto!"
"Bonito aeropuerto pero la se√±alizaci√≥n es horrible. Terrible encontrar el camino por ejemplo a la sala vip de Iberia o a cualquier otro lugar. De alguna manera, te gu√≠an a trav√©s de sus absurdas tiendas libres de impuestos tres veces antes de que encuentres la sala de espera en las puertas. No es coherente ni inteligente en absoluto. Pero conociendo el resto del pa√≠s no me sorprende en absoluto."
"¬°El aeropuerto de Madrid ha sido bien pensado! A pesar de su gigantesco tama√±o, todo est√° pensado para que nuestro recorrido transcurra sin contratiempos, tanto a trav√©s de sus inmensas pasarelas de suelo de m√°rmol, como de las se√±ales de direcci√≥n y accesos directos al transporte p√∫blico.  ¬°¬°¬°Sin olvidar la limpieza del lugar!!!"
"Hay una caminata de m√°s de 30 minutos hasta las terminales S. Este es el aeropuerto al que recomiendo llegar 3 horas antes de viajar por la T4."
"Todo est√° bien se√±alizado y los transfers funcionan pero este aeropuerto (al menos el T4) no es para pasajeros que tengan una larga estancia entre vuelos. La sala VIP debe reservarse con 24 horas de antelaci√≥n, Hellosky est√° completamente reservada y solo hay unos pocos bancos de espera muy inc√≥modos donde, por supuesto, la gente duerme en ellos en todas partes... AbuDhabi ha solucionado esto mejor con tumbonas, etc. La Terminal 4 es enorme. No entiendo por qu√© no lo modernizan aqu√≠."
"Un gran aeropuerto internacional."
"Terminal fant√°stico y realmente enorme. Casi tan bueno como Schiphol Amsterdam ;-)"
"Muy bien"
"Bien se√±alizado, buenos precios comparados con otros aeropuertos; )"
"La terminal 4 es muy bonita, en comparaci√≥n, la terminal 1 es absolutamente horrenda."
"Precioso aeropuerto conectando con la aerol√≠nea Iberia. Me encanta la arquitectura, moderna y luminosa."
"Muy bien organizado, limpieza, buena comida y personal amable."
"Moderno, grande, con todos los comercios posibles."
"Aeropuerto bien organizado. Las puertas est√°n alineadas, el aeropuerto es largo. Bonita zona comercial."
"Nada que decir sobre el aeropuerto, est√° limpio y bien organizado tanto durante el check-in como durante el embarque. Por otro lado, llegamos a descubrir Madrid y el primer contacto se produce a la hora de adquirir la tarjeta de metro. No hab√≠a nadie en el mostrador de informaci√≥n, pero sentimos que los est√°bamos molestando. Sin explicaci√≥n, deber√≠amos saber exactamente lo que quer√≠amos comprar. La persona en el mostrador se mostr√≥ despectiva, resoplaba y pon√≠a los ojos en blanco delante de nosotros, no nos escuchaba, hablaba con sus compa√±eros y se re√≠a. Esto claramente arruin√≥ el comienzo de nuestra estad√≠a y no refleja la calidad de la bienvenida que pudimos encontrar por parte de las diferentes personas que conocimos durante nuestra estad√≠a. ¬°No agradecemos a Paula Teresa esta falta de profesionalidad! Es necesario un interrogatorio."
"El aeropuerto de Madrid por su tama√±o es uno de los m√°s f√°ciles de navegar que he conocido. Sin embargo, un mont√≥n de espacio y toneladas de puntos de seguridad hacen de este un aeropuerto muy f√°cil de mover. No hicimos cola por m√°s de 2 o 3 minutos en ning√∫n momento. Si vuela desde T4S, espere hasta llegar a esa terminal (despu√©s del viaje en tren), ya que parece haber una variedad m√°s amplia de ofertas de comida a medida que se adentra en el aeropuerto. Pasajero muy feliz."
"Es una terminal muy impresionante y bien dise√±ada. La √∫nica raz√≥n por la que no le doy 5 estrellas es que el inodoro apestaba."
"La terminal cuatro es larga, por lo que hay que caminar un poco entre las alas, pero est√° bien se√±alizada, hay cintas transportadoras, muchos ba√±os limpios y algunas tiendas decentes, por lo que es un buen lugar para hacer una parada."
"Limpio, espacioso pero caro para el tipo de servicio."
"Muy buen aeropuerto, solo que a veces el personal de iberia puede ser un poco grosero y sarc√°stico, especialmente cuando hay un retraso o cancelaci√≥n de un vuelo."
"Arquitectura limpia, grande, clara y excelente."
"Como en todos los aeropuertos, los precios son totalmente desorbitados. Pero en el momento de mi estancia los ba√±os estaban limpios."
"Terminal 4 muy buena muchas tiendas y muy limpia....."
"Realmente excelente!! Y s√∫per comunicado con el centro de Madrid en Metro y tren."
"Mosh pit de seguridad con personal sorprendentemente grosero que empeora el proceso al no participar."
"Ninguna empresa de telecomunicaciones vende tarjetas Sin en el aeropuerto Deja que los revendedores los vendan en el aeropuerto. El precio es el doble del precio en tienda. 50G/50 euros"
"Very large airport terminal for I think 3 to 5 airlines. Plenty of shops and food places after u get thru security, and adequate places prior. Security didn't take long to get thru, nor did we have to wait long until we actually went thru. Adequate places to sit down both b4 and after security, especially if u eat at the restaurants. Has free non secure WI-fi - no password needed."
"El aeropuerto T4 es genial. Pero el camino all√≠ es un horror. Pero el aeropuerto por s√≠ solo no puede hacer nada al respecto. All√≠ tambi√©n se pueden sentir influencias sostenibles y ecol√≥gicas."
"Muy moderno. Larga caminata hasta el control de pasaportes y larga espera para que llegue el equipaje al cintur√≥n designado."
"La sala de salidas y el mostrador de Qatar Airways est√°n cerca."
"Enorme... pero bien se√±alizado, gran asistencia y atenci√≥n tambi√©n a las m√°quinas autom√°ticas de check_in donde puedes imprimir tu tarjeta de embarque y etiquetas adhesivas... como muchos aeropuertos est√° bien equipado con puntos de venta y avituallamiento. Una excelente impresi√≥n y experiencia."
"Muy bonito aeropuerto, es muy f√°cil orientarse. Sin embargo, el sistema de cinturones para el equipaje facturado est√° mal dise√±ado, lo que significa que si su equipaje no es robusto, existe una alta probabilidad de que se rompa o sufra un ligero impacto."
"Un aeropuerto muy grande con 4 terminales, cuando llegamos desde Nantes llegamos a la terminal 4 y para coger un taxi o el metro para ir a Madrid hay que cruzar todo caminando unos 15 mm."
"Si pudiera dar 0 estrellas lo har√≠a. Mi principal comentario negativo fue que el WiFi no funcionaba, ni en mi tel√©fono, computadora port√°til o tableta. Eleg√≠ espec√≠ficamente ir a la ""Sala VIP"" para poder trabajar mientras esperaba mi vuelo, pero no pude trabajar debido a la falta de WiFi. No pude cargar ninguna p√°gina web, acceder a mis correos electr√≥nicos ni nada. M√°s all√° de eso, las aceitunas sab√≠an a pescado, lo cual era asqueroso, la comida dejaba mucho que desear, su salvaci√≥n fue el alcohol que, como era de esperar, no fue proporcionado por ellos. El WiFi general del aeropuerto no funcion√≥ mejor y no veo la hora de salir del aeropuerto para poder ponerme al d√≠a con el trabajo que me vi obligado a perder."
"La Terminal 4 y la Terminal 4S del Aeropuerto de Madrid son un edificio nuevo muy espacioso y luminoso. La terminal est√° claramente dise√±ada para un volumen de pasajeros mucho mayor, por lo que alojarse aqu√≠ es muy agradable. La conexi√≥n con las otras terminales es r√°pida mediante un peque√±o metro. Buenas instalaciones, tiendas, restaurantes. No deber√≠as tener ning√∫n problema aqu√≠."
"Olv√≠date del tren, es demasiado lento comparado con el metro. El coste es aproximadamente el mismo, pero hay menos trenes y hacen largas paradas de camino a Atocha."
"Limpio y bien organizado."
"No te pueden recoger en llegadas, tienes que subir a salidas, eso es raro... por lo dem√°s, un lugar genial."
"Mucho mejor que los otros terminales, seguridad eficiente tambi√©n."
"Bonito y grande aeropuerto."
"Gente muy desarrollada, muy grande y amigable, informaci√≥n de primer nivel, en fin...."
"Terminal enorme. Moverse es un laberinto. Preste especial atenci√≥n a las se√±ales, ya que los visitantes internacionales pueden perderse f√°cilmente. Est√° muy limpio, bien mantenido y moderno. Los trenes van y vienen entre terminales muy r√°pidamente. Aduanas e inmigraci√≥n fueron r√°pidas."
"R√°pida conexi√≥n con la ciudad con l√≠nea 8 de metro..."
"es solo un aeropuerto  Un aeropuerto como ning√∫n otro No hubo mucha demora Encontrar mi equipaje tambi√©n fue f√°cil. Era mi primera vez as√≠ que estaba un poco confundido. f√°cil de acostumbrarse Es ese tipo de aeropuerto Un aeropuerto donde la gente que baja y sube de los aviones va y viene sin distinci√≥n. Soy de la opini√≥n de que esta separaci√≥n no es importante, sino s√≥lo en la medida en que lo es. Es un aeropuerto muy multinacional y se mezclan muchas modas y grupos √©tnicos diferentes. Un defecto es que el billete de avi√≥n a Portugal es demasiado caro. Esto es... una estafa total. Dicen que esa es la situaci√≥n, pero es un poco decepcionante que no haya una explicaci√≥n detallada, as√≠ que no tengo m√°s remedio que estafar el producto. Porque no hay vuelo~ Porque todos los horarios est√°n llenos ~ S√≥lo he o√≠do historias como esta. No hay quejas sobre el aeropuerto en s√≠."
"La Terminal 4 (o T4) del aeropuerto de Madrid es una gigantesca superestructura dise√±ada para atender un gran volumen de vuelos nacionales e internacionales. Para los vuelos que llegan, creo que funciona muy bien. Sin embargo, si sale desde aqu√≠, aseg√∫rese de llegar al √°rea de facturaci√≥n aproximadamente 2,5 horas antes de la salida programada de su vuelo, especialmente si sale desde las puertas ""S"". ""S"" significa ""Sat√©lite"" y hay que tomar un monorra√≠l desde la terminal principal hasta la terminal ""S"". El monorra√≠l es poco frecuente; por lo tanto, llega completamente empaquetado cuando llega. Suponiendo que te subes al primero que llega, en el otro extremo hay dos cuellos de botella: tienes que pasar por una barrera donde simplemente escaneas tu tarjeta de embarque (no est√° claro por qu√© existe esta barrera, ya que ya lo has hecho una vez). en la terminal principal) para pasar los torniquetes y luego las l√≠neas de inmigraci√≥n. Las colas de inmigraci√≥n carecen de personal suficiente y son algo ca√≥ticas. He visto esto en otros aeropuertos, pero aqu√≠ est√° el detalle: en esos otros aeropuertos, si llegas tarde a tu vuelo, puedes saltarte la fila. Sin embargo, aqu√≠ la gente de seguridad es realmente GROSERA. Si te ven salt√°ndote la l√≠nea, te pondr√°n al final (si es una persona realmente desagradable) o donde empezaste.  Incluso si otras personas en la fila simpatizaran con su situaci√≥n. La gente de Madrid fue muy amable, pero para lograr un equilibrio est√°n los guardias de seguridad en el aeropuerto.  Empiece temprano y estar√° bien o estar√° preparado para afrontar las consecuencias."
"Aseg√∫rese de hacer una parada en Enrique Tom√°s para disfrutar de algunas delicias espa√±olas."
"Este aeropuerto es enorme, realmente enorme, buena suerte si tienes una conexi√≥n y llegas tarde... Pero tambi√©n tengo que reconocer que no hay largas colas en los controles de seguridad o en las fronteras, lo cual es un buen punto. Sal√≥n interior para no fumadores"
"El √∫nico problema es que hay una parada de 10 minutos y no todos los aviones llegan a esa hora."
"Aeropuerto agradable al que se puede llegar f√°cilmente en metro. Solo ten en cuenta que tendr√°s que pagar un recargo de 3‚Ç¨ en la m√°quina adem√°s de la tarifa normal del metro de Madrid. Pero tambi√©n es muy f√°cil utilizar las m√°quinas antes de salir de la estaci√≥n de metro del aeropuerto."
"Aunque es grande y moderna, ¬°no he visto ni una sola puerta con suficiente espacio para sentarse! Todos tienen un m√°ximo de 50 asientos (he visto una puerta con solo 15), por lo que es imposible tener a todos sentados y al mismo tiempo mantener la distancia de 1 asiento por motivos de covid. Qu√© verg√ºenza. Parece que intentan estafarte para gastar y sentarte en los caf√©s."
"P√©simo por los grandes desplazamientos internos y servicio que prestan algunos profesionales."
"Aeropuerto muy grande, moderniz√°ndose cada d√≠a. Es un recorrido dentro del mismo, y puedes tener acceso a varios servicios adem√°s del viaje. Lo negativo: las colas enormes al facturar y la inmigraci√≥n dependiendo del horario en las T4 es un caos."
"Un poco ca√≥tico, sobre todo para pasar de la T4 a la T4S y viceversa, y lento en el control de pasaportes"
"P√©simo aeropuerto, desorganizado, mal se√±alizado, inc√≥modo, muy caro todo. Horrible."
"Grandes, demasiado grandes, kil√≥metros a pie tanto para embarcar como para recoger las maletas y salir. Si quieres comer, debes saber que no hay nada en la terminal al otro lado de la puerta de embarque."
"Fue maravilloso y un aeropuerto enorme con condiciones de seguridad bien organizadas."
"Bonito y grande aeropuerto"
"La √∫ltima terminal construida y muy moderna del Aeropuerto de Madrid con un dise√±o sorprendente.  Excelentes conexiones de tren suburbano y metro, pero muy lejos de las otras 1-2-3 terminales del aeropuerto."
"Probablemente el √∫nico aeropuerto del mundo donde hay que esperar, en promedio, entre 50 y 60 minutos como m√≠nimo para que se entregue el equipaje desde la hora de llegada."
"En la T4, muy mala experiencia al pasar el control de seguridad. Te pedir√°n que te quites las botas, lo cual es normal, pero tambi√©n el c√°rdigan sin bolsillos y sabiendo que solo llevas un top. Y lo peor es que te piden que lo hagas uno por uno y van y vienen a llevar canastas para cada uno. Creo que pueden hacerlo mejor."
"Sal√≠ de Madrid rumbo a Roma Fiumicino el martes 19 de abril de 2022. El aeropuerto es muy grande, es por donde transitan la mayor√≠a de vuelos que llegan y salen de Sudam√©rica."
"La Terminal 4 y Terminal 4S del Aeropuerto de Madrid es un edificio nuevo muy espacioso y luminoso. La terminal est√° claramente dise√±ada para un volumen de pasajeros significativamente mayor, por lo que la estancia es muy agradable. Buenas instalaciones, tiendas, restaurantes."
"Conexi√≥n perfecta con la ciudad mediante el metro y las cercan√≠as. Hay trenes cada 15 minutos aproximadamente. Tambi√©n est√° limpio y relativamente vac√≠o."
"Gran aeropuerto: llegar al mostrador de devoluci√≥n del IVA es complicado"
"Aeropuerto horrible, no hay lugares decentes para comer y todo cierra temprano."
"Una estructura de gran tama√±o, cara y mal comunicada, resultado de gobiernos corruptos que desv√≠an dinero p√∫blico para su propio beneficio. Un aeropuerto infrautilizado donde tienes que caminar durante horas para llegar a tu puerta y cada tienda est√° esperando para robarte hasta el √∫ltimo centavo. Tenga cuidado con los carteristas y los gru√±idos de las fuerzas de seguridad dispuestos a quitarle sus derechos humanos a la primera se√±al de libertad."
"Hasta ahora terminal bien organizada con una variedad de restaurantes y tiendas. La terminal es bastante grande, por lo que hay que recorrer bastantes metros."
"No es la terminal m√°s acogedora, pero hace su trabajo y la comida que se puede comer aqu√≠ es excelente."
"Un aeropuerto absolutamente digno de representar y trabajar para una capital mundial como Madrid. ‚ù£Ô∏è"
"¬°Muy f√°cil acceso desde/hacia la ciudad y el aeropuerto!  El proceso de salida fue r√°pido y preciso siempre que tenga todos los documentos listos, cargados y listos para mostrarlos cuando sea necesario. Buenas selecciones para cenar en la terminal a la salida."
"Las maquinas de Renfe Cercanias no aceptan tarjetas extanjeras.Mucha auerte si eres turista sin metalico Euro entonces... No es posible utilizar las m√°quinas Renfe para adquirir el billete. Rechazan pago con lector contactless. Buena suerte si la oficina est√° cerrada y no tienes ‚Ç¨ en efectivo."
"Muy poca gente limpia bien"
"Este es un gran lugar con muchas oportunidades para una comida r√°pida o para relajarse y comprar. Muchos lavabos y varios parques infantiles te ayudar√°n a esperar."
"El lugar es bonito, sin embargo las puertas de embarque son un verdadero desastre. En 7 minutos pasamos del k84 al k92. Debes seguir"
"Siempre disfruto usando esta terminal: la informaci√≥n est√° bien organizada, es f√°cil obtener tu tarjeta de embarque y facturar tu equipaje t√∫ mismo."
"RENFE era m√°s barato que el metro para llegar a la ciudad. Adem√°s, para viajar en metro necesitar√°s una tarjeta IC y el billete te costar√° 2,5 euros adicionales."
"Excelente"
"El Aeropuerto Internacional de Madrid acoge vuelos extranjeros, especialmente aviones de gran tama√±o, a diferencia de la terminal, que est√° destinada a vuelos de bajo coste de compa√±√≠as como Ryanair, que es un aeropuerto muy grande."
"La asistencia a discapacitados no habla ingl√©s. Un bocadillo con jam√≥n 8.50 ktm (kitiemmuort)"
"Terminal moderna. Buena se√±alizaci√≥n, conexiones con transporte terrestre y comercios."
"El aeropuerto de Madrid es enorme pero es f√°cil de navegar y moverse."
"Creo que esta es probablemente la mejor terminal de aeropuerto que existe."
"Aeropuerto muy moderno y bien equipado. Adem√°s, el wifi gratuito es muy r√°pido y bueno. Tuve una gran experiencia en la T4 del Aeropuerto de Madrid."
"Los vuelos conectados suelen ubicarse en puertas cercanas."
"Ca√≥tico, largas distancias, malas direcciones = una de mis peores experiencias en el aeropuerto"
"La mejor terminal de Madrid"
"Muy moderno, varias tiendas de souvenirs y puestos de comida."
"aeropuerto gigante. realmente muy bueno. No puedes encontrar todo a precios asequibles."
"Para realizar la prueba de COVID debes hacer cola durante dos horas hasta que salga tu avi√≥n"
"Buena terminal, todo es bonito y accesible, los ba√±os est√°n limpios incluso en el ba√±o de hombres."
"Extremadamente bonito est√©ticamente pero las puertas est√°n demasiado lejos, ¬°no recomiendo elegir vuelos con escala de menos de media hora!"
"Perfecto Sin gluten"
"Mucha confusi√≥n, muy poca informaci√≥n y personal que no habla ingl√©s... ¬°Absurdo para un aeropuerto internacional!"
"Si te gusta el Gin & Tonic, debes probar uno del incre√≠ble mix√≥logo interno. ¬°Uno de los mejores G&T que he probado!"
"Buenos s√°ndwiches. Evite que su avi√≥n se retrase y se vea obligado a pasar la noche."
"Muy bien servido muy ocupado pero a la altura. L√°stima lo de la se√±alizaci√≥n....."
"Mejor transporte a la ciudad."
"Moderna y funcional gran elecci√≥n de boutiques para los enamorados...."
"El personal del aeropuerto fue muy amable y servicial."
"Una nueva terminal compacta y moderna que ofrece todas las comodidades y servicios necesarios."
"1 aeropuerto internacional grande y hermoso"
"Terminal de aeropuerto muy grande con muchas instalaciones."
"Aunque es un aeropuerto moderno y limpio, es grande y puede resultar dif√≠cil conectarse y salir."
"Terminal conveniente debido a la presencia de estaciones de ferrocarril y trenes."
"Terminal moderna y agradable, muchas tiendas, restaurantes, duty free. El personal no es el m√°s amable..."
"Horrible momento para esperar el equipaje. Un aeropuerto de este tama√±o con tan mal servicioüò•.‚Ä¶"
"Hermosa est√©tica. Puede resultar un poco confuso seguir las se√±ales. Solo pregunta."
"Limpio, grande, bien pensado. Digno de un gran aeropuerto."
"Me gusta, hay muchos restaurantes y opciones."
"Puede encontrar f√°cilmente el camino hacia su equipaje y salir."
"F√°cil de navegar para personas de habla inglesa."
"con muchas tiendas cerradas debido al covid-19, pocos lugares para cargar el tel√©fono"
"Fuerte aversi√≥n por todos los art√≠culos del aeropuerto."
"Civilizado, limpio, pero con muchos tr√°mites por la pandemia.  Filtros sobre filtros"
"No hay opciones vwgan en la oferta de comida, por restaurante."
"Aeropuerto muy bonito y muy limpio."
"DE ACUERDO. ¬°Limpio! ¬°Bien organizado!"
"Me encanta este terminal"
"Ocupado a su manera."
"muy lindo aeropuerto"
"Terminal bastante nueva con muchas comodidades."
"Asuntos claros y nada complicados en torno al corona."
"Aeropuerto eficiente y buena arquitectura."
"Me gusta... Moderno y organizado."
"Terminal de aeropuerto moderna y decente."
"Uno de los mejores y m√°s r√°pidos aeropuertos de Europa."
"üëç‚Ä¶"
"¬°Muy hermoso aeropuerto!"
"Me gust√≥, bien se√±alizado, espacioso."
"Ruidoso, confuso y caro"
"Grande"
"es clase"