"Estaci√≥n de metro ubicada en pleno coraz√≥n de Madrid. Instalaciones algo antiguas pero bien conservadas y sobre todo, de mucha profundidad. Si en alg√∫n momento se encuentran averiadas las mec√°nicas, hay bastantes escaleras para el acceso. Plaza de Sta. Barbara, 28004 Madrid"
"Me gusta el barrio por las noches por su aire bohemio. La estaci√≥n est√° un poco antigua y demasiada angosta en sus andenes  y  al ser una estaci√≥n muy concurrida por pasajeros eso hace que entrar al metro sea algo ca√≥tico, esperar el metro  igual de caotico , a esto se le suma la falta accesos para sillas de rueda,osea que es una de las peores estaciones q hay en madrid por la importancia que tiene. Por lo dem√°s es una estaci√≥n muy bien comunicada"
"Estaci√≥n un poco antigua para tener tanta afluencia de gente y muy poco accesible para las personas con discapacidad f√≠sica. Deber√≠an darle buena una reforma e instalar ascensores en los accesos de las v√≠as del metro. Lo bueno es que tienes conexi√≥n con las principales l√≠neas del metro. Por lo tanto est√°s bien comunicado."
"Hay bares para picar algo,el mercado de Tribunal cerca .es un siti√≥ de paso"
"Los m√∫sicos que tocan / cantan en el interior de la estaci√≥n.... el volumen de los altavoces y sus micr√≥fonos a veces es ensordecedor. ¬øMetro no controla eso?"
"La estaci√≥n esta genial, hay muchos restaurantes de moda cerca y chueca est√° a un minuto"
"Muy buena estaci√≥n pero una cosa me gustar√≠a que los vagones tengan un bot√≥n para cuando entre un discapacitado y la gente se haga la tonta para no ceder el asiento, estoy es ahora 7/4/20"
"Las plazas un poco ajustadas para veh√≠culos grandes como el m√≠o . Los torpes como yo tardamos un poco para aparcar como es debido."
"Penoso. El 80% de la gente no uso la mascarilla. He cogi√≥ el metro en Pr√≠ncipe P√≠o direcci√≥n Tres Olivos y el uso de las mascarilla, como mucho y creo que soy generoso, es el que he dicho. Donde est√° el control de la seguridad el metro? Por qu√© no hay m√°s control del uso?  Que poco respeto hay de las normas. ¬°Que pa√≠s! Tenemos lo que nos merecemos."
"üìå Tiene varias salidas al exterior y destacar su buena conexion.‚Ä¶"
"Tiene la plaza Santa B√°rbara, plaza emblem√°tica donde descansar en el centro de Madrid. Al lado la comisar√≠a de Madrid y si quieres disfrutar de un buen momento vete a la cervecer√≠a el Santo donde tomarte algunos pinchos y cervezas, pide rabo de toro, no te decepcionar√°."
"Es un barrio de los mejores de Madrid para el ocio nocturno, incluidos bares, restaurantes y lugares de m√∫sica en directo."
"Todo bien"
"Estaci√≥n c√©ntrica, situada en una zona concurrida, muy antigua pero conservada. El mantenimiento de las escaleras es p√©simo."
"Con lo bien qu√© esta la plaza y lo mal pensado que est√° el metro. Confluyen 3 l√≠neas y si vienes de la 10 a la 5 se produce un aut√©ntico atasco en las escaleras. Los andenes de la 5 solo tienen una entrada y una salida, lo que provoca tapones de gente por la ma√±ana. No hay aire acondicionado, as√≠ que con tanta gente y en verano es para morirse. Para colmo, no dispone de ascensores. Necesitar√≠an hacerla de nuevo entera."
"Mi experiencia es p√©sima,casi todos los d√≠as est√° estaci√≥n tiene todas sus escaleras mec√°nicas paradas a primera hora de la ma√±ana.Y cuando una persona est√° bien de salud no tiene problema,pero en mi caso con una ser√≠a lesi√≥n en las lumbares,se hace muy cuesta arriba subirlas.Asi q x favor un poco de empat√≠a con todas aquellas personas q tenemos problemas de salud y pongan en marcha las escaleras mec√°nicas desde primera hora,se lo agradeceremos infinitamente,gracias"
"No hay acceso con silla de ruedas aunque la informaci√≥n en Google Maps diga que s√≠. He intentado editarlo pero no funciona."
"No hay ascensor ni escaleras mec√°nicas, a ver si el metro que hace recaudaciones millonarias se conciencia de una vez que todos no tenemos una movilidad √≥ptima para hacer uso de √©ste transporte p√∫blico tan necesario para en la medida de lo posible llegar m√°s r√°pido donde necesitamos"
"Estaci√≥n de metro de Madrid, que une varias l√≠neas de metro. Zona importante de bares de copas, muy cerca del centro de Madrid. Como todas las estaciones de metro de Madrid, bien se√±alizada, y acceso amplios, remodelados y adaptados"
"Vergonzoso otra vez las escaleras de la subida  de linea 10 ,parada Alonso Martinez rotas no funcionan para que pagamos abono? Para tener que estar con incidencias casi todos los dias si no son los trenes son las escaleras , pregunto si vienes con muletas , escayola.... o padres con sus carritos la facilidad donde esta? Han estado con esas escaleras rotas por lo menos 1 mes y pico otra vez? Vaya telita"
"Un servicio de transporte excelente con un personal preparado y profesional, por mucho que la Comunidad de Madrid lo tenga cada vez m√°s abandonado. Esperemos que la tendencia se revierta y se consiga poner el servicio a la altura de las personas."
"Podr√° ser funcional, ancha e intercambiadora con otras l√≠neas, pero la de escaleras que hay que subir desde la l√≠nea 10 hasta la calle... ¬°Tiene delito! La vez que lo hice por primera con mi padre y con mi hermano, contamos hasta 8 pisos girando 360¬∫. Y sin ascensor ni mec√°nicas..."
"La estaci√≥n se ha quedado completamente anticuada. De vez en cuando realizan trabajos de reformas, pero sin duda es una estaci√≥n que habr√≠a que realizarla completamente nueva. Olores a humedad, andenes con una √∫nica salida para la gran cantidad de personas que frecuentan o que pasan por ella Decir que l√≥gicamente no est√° adaptada para personas con discapacidad f√≠sica, sin ascensores en los andenes ni para bajar al vest√≠bulo. Y como esta estaci√≥n hay otras muchas en la zona centro de Madrid, donde se deber√≠a invertir una buena cantidad de dinero para adecentarla en los tiempos actuales."
"Me encanta esta estaci√≥n, hay enchufes para cargar el m√≥vil y veo c√≥mo pasan los trenes, es mejor que el cine y me gusta porque pasan como cada 4 minutos y hacen fiuuuuu o algo as√≠. Son graciosos los cantantes y m√∫sicos que se suben a veces a pedir jajajaja me r√≠o de ellos."
"No entiendo la distancia de seguridad que est√° permitiendo metro de madrid en diferentes estaciones y en otras no en otras como si nada los metros vienen abarrotados de personas y los pasillos de igual manera y metro de madrid no toma medidas correspondientes m√°s lentitud en el sistema metro... la nieve fue lo mejor de esta estaci√≥n sin duda alguna por eso 1 estrella nada m√°s"
"Yo soy fan de esta zona en los 20 a√±os que llevo en Madrid. Buen punto para quedar por trabajo o por ocio por la buena oferta de cafeter√≠as y restaurante Bien comunicada y a pocos minutos de Gran av√≠a, la Castellana o Atocha"
"No tiene acceso para las personas con movilidad reducida, pero en cambio tienen una puerta para personas con silla de ruedas que se abre pero luego no hay ascensores para ellos."
"Es una plaza con mucha actividad. En la rotonda de la plaza hay bastante trafico. Hay un caf√© restaurante:  Santander  Y en la plaza Santa Barbara hay mas zonas de bares y restauracion."
"No hay ascensor. Las escaleras  mec√°nicas  est√°  muy a menudo estropeadas o en mantenimiento. El acceso desde la calle es s√≥lo  mediante  escaleras,  dif√≠cil con un carrito  de beb√©  o con maletas."
"Estaci√≥n de metro grande donde encontrar√°s 3 l√≠neas diferentes. A la salida encontrar√°s varias l√≠neas de autob√∫s. En la plaza de Alonso Mart√≠nez tienes bares donde poder tomar algo fresquito y disfrutar de m√∫sica en directo en la sala Junco."
"La peor estaci√≥n de Madrid no hay ascensores las escaleras el√©ctricas siempre est√°n da√±adas el personal que trabaja en esa estaci√≥n siempre est√° de mal humor nunca te resuelven ninguna duda siempre hablando entre ellos o en el m√≥vil es una muy mala estaci√≥n sobre todo el personal"
"La plaza es muy vistosa y tur√≠stica. Es otra de las miles de zonas de la ciudad que merece la pena visitar. En su entorno hay bares, restaurantes, tiendas, teatros, etc...."
"Las escaleras siempre estropeadas desde hace m√°s de 3 a√±os"
"ATENCI√ìN!! Salida de metro infestada de CAPTADORES!! Se recomienda actuar como si hicieras una llamada en caso de que no tengas huevos a mandarles a la mierda, no es f√°cil deshacerte de ellos educadamente, son listos y numerosos"
"LLENO DE TERRAZAS, ES UN PUNTO DE ENCUENTRO.... ANTIGUAMENTE SE LLAM√ì GLORIETA DE SANTA BARBARA POR HALLARSE LA ANTIGUA PUERTA DE SANTA BARBARA. HASTA MEDIADOS DEL SIGLO XIX. UNA PLAZA MUY CONCURRIDA Y DE PASO OBLIGADO. TE INVITO A QUE DESCUBRAS....!!!! LOS MUSEOS, RESTAURANTES, BARES, BOUTIQUES... M√ÅS CHIC... E INTERESANTES DE LA CIUDAD. #HELLOMADRIDNEWS #LETSGUIDE #VENAVERMEALGUNAVEZ #ELLUJOMEEMBORRCHA #VAVAVGUIDE #VAVAVLYST #LAESTRELLADEPANAMA"
"Es vieja, huele mal, y al salir, tiene captadores. Todo es bonito en el exterior y es una buena estaci√≥n al tener acceso a 3 lineas."
"Estaci√≥n en todo el centro de Madrid, un poco liosa y antigua"
"Es una estaci√≥n de metro un poco descuidada, muy sucia, pero all√≠ vamos al transporte y listo, √∫til como todas...."
"Es una de las estaciones peor adaptadas. No tiene ascensor y hay muchas escaleras. Con frecuencia las escaleras mec√°nicas estas estropeadas. Esta vieja y actualmente en reformas..... A ver si solucionan algo....."
"Me gust√≥ mucho la zona, hay muy buenas terrazas."
"Alonso Mart√≠nez es una estaci√≥n del servicio de metro de Madrid l√≠nea 4 5 y 10 en el barrio Castellana bajo tierra pasa la l√≠nea C3 C4 de cercan√≠as RENFE la estaci√≥n de metro se encuentra en la plaza Alonso Mart√≠nez y plaza santa B√°rbara en Madrid Espa√±a"
"Metro con l√≠neas 4,5 y 10. A los alrededores hay muchas opciones para comer"
"No muy bien si se trata del metro hay muchas escaleras aunque hay escaleras mec√°nicas casi siempre es tan averiadas y no hay ascensor y hablamos del centro de Madrid"
"din√°mica, antigua y bulliciosa."
"Estaci√≥n de metro saturad√≠sima... coinciden 3 l√≠neas de metro y las aglomeraciones son de lo m√°s habituales. Deber√≠an remodelarlo o aumentar las frecuencias para evitarlo."
"Buena parada"
"Buen acceso, hay bastantes m√°quinas para recargar la tarjeta. Accesible desde varios puntos."
"Es una de las paradas de metro m√°s peque√±itas pero r√°pida y sin colas"
"Bien"
"Una estaci√≥n de metro, sin embargo, el barrio me trae gratos recuerdos"
"Un espacio urbano de primer orden en una zona noble, con edificaciones dignas y t√≠picas de Madrid."
"Es. Una. Estaci√≥n. Muy grande. Y. Bonita. Y. Amplia.   Y. Bien limpia."
"Zona de bares y terrazas para beber algo o salir de tapas. Tambi√©n por la noche hay marcha."
"Los que llegamos desde la Goya, por ejemplo, tenemos que pasar ante una l√≠nea larga de entradas para llegar a donde podemos salir"
"Buena estaci√≥n. C√©ntrico y con conexiones de varias l√≠neas."
"Buen estaci√≥n, como es de esperarse el metro de Madrid es muy puntual y bien dise√±ado"
"Estaci√≥n de metro siempre muy concurrida y porque no decirlo,siempre lleno de fachas..."
"No todos los espacios est√°n accesibles, creo que est√°n haciendo remodelaciones. La l√≠nea del metro funciona a la perfecci√≥n."
"Buena zona para alojarse en Madrid cerca a m√∫ltiples estaciones de metro y cerca al centro hist√≥rico y comercial de la ciudad."
"Plaza espaciosa y soleada para tomar un cafecito tranquilamente en una de sus terrazas"
"Plaza muy atractiva en el centro de Madrid, est√° el metro Alonzo Mart√≠nez."
"Bonito lugar !!"
"Muy estrecho, muchos tramos de escaleras."
"Supermercado de mucha categor√≠a, se pueden encontrar en productos de muchos lugares del mundo, muy va recomendable"
"Sector muy agradable comodidad seguridad calidez de su personal"
"Laberinto pero una vez que aprendes las rutas est√† bien"
"Zona peatonal y con comercios y restauracion."
"Paso todos los d√≠as por all√≠. Facilidad de acceso. M√∫ltiples conexiones de Metro"
"Una estaci√≥n de metro de Madrid, donde podemos hacer varias combinaciones de metro"
"Una verg√ºenza un vigilante solo contra 3 personas vergonzoso por parte de los compa√±eros dejarle solo"
"Me gusta porque tiene 3 l√≠neas (4,5 y10)"
"Un cl√°sico barrio de Madrid, perfecto para tomar algo"
"Plaza c√©ntrica"
"Buena estaci√≥n de metro con m√∫ltiples salidas a calle."
"Estaci√≥n de metro con tres l√≠neas. Es antigua y no es accesible para sillas de ruedas."
"Estaci√≥n de metro üöá, conexi√≥n l√≠neas 4 y 10.‚Ä¶"
"L√≠neas 5 10 y 4"
"Estaci√≥n de metro, centica que une las l√≠neas 4, 5 y 10"
"Muchas escaleras y sin ascensor!"
"Impresionante el calor que hace en esta estacion. En verano es horroroso."
"Muy chulo"
"Centro de Madrid. Restaurantes, bancos, bares, hoteles..."
"Mucho calor, no parece que est√© bajo tierra"
"Estaci√≥n de metro de la linea 5 con conexi√≥n con las lineas L 4 y L10 del metro de Madrid."
"Estaci√≥n bastante ordenada"
"Pasear tranquilamente por las calles de Madrid"
"Es una parada de metro como cualquier otra."
"Una buena estaci√≥n de metro con accesos a andenes m√°s o menos cortos."
"Una plaza muy bien cuidada"
"No tiene acceso para sillas de ruedas."
"Esta parada pertenece a las l√≠neas antiguas de metro de Madrid"
"Muy limpia y con varios trasbordos"
"Limpia, buena se√±alizaci√≥n"
"Buen intercambiador, c√≥modo y c√©ntrico."
"Limpio e indicaciones claras."
"Nunca funcionan las escaleras el√©ctricas"
"hermosa plaza"
"Bonita"
"Bien"
"Muy buena parada de metro."
"Es un intercambiador com√∫n y de buena zona"
"Atencion al cliente mala"
"Un bosque d√≥nde todos hemos quedado alguna vez"
"Bella arquitectura urbana"
"Fenomenal"
"Transbordo cortos, aunque bastantes escaleras"
"Buen ambiente"
"Vaya lagartijas que hay por la parec"
"Estaci√≥n de metro con trasbordo para ir a otros ramales"
"Excelente estaci√≥n"
"Enchufes y bien comunicado"
"Excelente zona"
"Yo me llamo asie"
"Aseada y se√±alizada."
"Plaza llena de vida."
"Uno de los mejores lugares de Madrid"
"Muy c√©ntrico de Madrid"
"Lugar emblem√°tico"
"Es bueno"
"Excelente"
"Muy bonita."
"Bien"
"Cerrado !  : ("
"Estaci√≥n de metro normal"
"Buen metro."
"Esta en obras de mejora"
"Una estaci√≥n m√°s"
"Bien comunicado"
"Bello lugar"
"Bien"
"Con normalidad llega"
"‚ù§‚ù§‚ù§‚ù§"
"Maravilloso"
"Muy bonito"
"Limpio, excelente se√±alizaci√≥n y bien iluminado. Impresionante experiencia."
"Nudo de Metro activo en el centro de Madrid donde cambiar de l√≠nea para ir Norte-Sur y Este-Oeste"
"Importante centro de metro, pero carece de acceso para personas en sillas de ruedas o con movilidad limitada. M√∫ltiples niveles para descender sin ascensor. Debe desviarse a la estaci√≥n de Bilbao para acceder al ascensor."
"Gran lugar para hacer una escapada en Madrid. Hay muchos pubs y una bonita librer√≠a con bonitos souvenirs de Madrid. La mejor parada para tomar una cerveza (una de las cervecer√≠as m√°s emblem√°ticas de Madrid est√° aqu√≠), hablar con amigos y comprar algunos libros y recuerdos para la familia. ¬°Me encant√≥! Muy recomendable."
"Preciosa plaza, el esp√≠ritu de Madrid est√° muy vivo en estas calles, perfectas para pasear sin rumbo, o tambi√©n puedes visitar los museos que la rodean."
"Hermosos edificios antiguos."
"Bonita estaci√≥n de metro con trenes frecuentes, f√°cilmente navegable gracias a una buena se√±alizaci√≥n."
"Siempre terminaba aqu√≠ despu√©s de mi trabajo y me gusta este lugar porque es bueno y est√° cerca del centro."
"Encontr√© un lugar llamado LAMUCCA, genial para desayunar o comer algo."
"Uuuuz"
"Buena infraestructura."
"Es una estaci√≥n de tren bien comunicada cerca de malasa√±a y barrio de chueca."
"cuidado con los carteristas"
"buena estacion"
"Es un lugar muy bonito en Madrid."
"Esta es una buena experiencia con create."
"1984 :))"
"Bonita estaci√≥n de metro"
"Metro"
"Metro"
