"La estaci√≥n de metro Opa√±el es una estaci√≥n de la red de Metro de Madrid, ubicada en el distrito de Carabanchel. Sirve a una zona residencial y es una estaci√≥n de la L√≠nea 6. ### L√≠nea de Metro Opa√±el es servida por: - **L√≠nea 6 (Circular)** ### Ubicaci√≥n La estaci√≥n se encuentra en el barrio de Opa√±el, cerca de la intersecci√≥n de la calle de Oca y la calle del General Ricardos. Esta ubicaci√≥n proporciona acceso a una zona residencial y comercial, con diversas opciones de servicios. ### Servicios y Facilidades La estaci√≥n de Opa√±el ofrece varias facilidades para los usuarios: - **Ascensores y escaleras mec√°nicas** para mejorar el acceso. - **Instalaciones accesibles** para personas con movilidad reducida. - **M√°quinas expendedoras** de billetes y puntos de recarga para abonos. - **Conexiones con autobuses urbanos**, que permiten a los pasajeros continuar su viaje hacia diferentes partes de la ciudad. ### Importancia Opa√±el es una estaci√≥n importante para los residentes de Carabanchel, ya que ofrece un acceso conveniente a la L√≠nea 6, una de las l√≠neas m√°s transitadas debido a su recorrido circular. Esta l√≠nea conecta con muchas otras l√≠neas de metro y puntos importantes de Madrid, facilitando el desplazamiento por la ciudad. ### Lugares de Inter√©s Cercanos - **Parque de San Isidro:** Un parque cercano que ofrece √°reas recreativas y espacios verdes para actividades al aire libre. - **Centro Comercial Isla Azul:** Un centro comercial en las cercan√≠as con una variedad de tiendas, restaurantes y opciones de entretenimiento. - **Mercado de Opa√±el:** Un mercado local que ofrece productos frescos y otros art√≠culos para la comunidad. Si necesitas m√°s detalles, como horarios espec√≠ficos o informaci√≥n adicional sobre los servicios disponibles en la estaci√≥n, estar√© encantado de proporcion√°rtela."
"La estaci√≥n se abri√≥ al p√∫blico el¬†7 de Mayo¬†de¬†1981¬†con el nombre de¬†Elvas,  haciendo referencia a una de las calles que tiene cerca de la boca de metro, pero a petici√≥n de los vecinos, pas√≥ a llamarse el¬†27 de junio¬†de¬†1984¬†Opa√±el, d√°ndole el nombre del arroyo que pasaba por la zona. Fue reformada en la zona de los andenes cambiando las paredes de piedra por v√≠trex amarillo."
"acabo de salir y otra vez hab√≠a un se√±or montando un mercadillo top-manta entre plantas, y mientras arriba ves a dos guardas que si \"jiji-jaja\" sin enterarse.. o no s√©, igual les importa un comino. seguramente pregunto yo, tambi√©n me puedo poner ah√≠ a vender mis trastos viejos si me apetece? üíÄ ah, y eso si no est√° el chaval que cada par de d√≠as est√° acosando a la gente en la boca del metro en la calle y sino los raperos, vendedores deambulantes de caramelos y empanadas, guitarristas, flautistas, cantantes desfinados, predicadores, yonkis y dem√°s petardos.. que hay uno o dos por vag√≥n en la linea 6 a veces! üòÇ d√≥nde est√°n todos esos guardas que hab√≠a cuando iban diciendo eso de \"caballero, la mascarilla caballero\"? ü§î est√°n de vacaciones todos? cada d√≠a la experiencia del metro de Madrid es m√°s tercermundista, enhorabuena! Una estrella ‚≠ê"
"Qu√© es lo que sucede en la estaci√≥n de metro de Opa√±el? Cada d√≠a veo un ""mantero"" m√°s, ser√° que ahora est√° permitido vender de manera informal ropa, deportivas, juguetes, guantes; etc.? Ser√° que yo pueda dejar mi empleo y poner mi manta para vender as√≠ lo que se me venga a la cabeza? Eso sin pagar impuestos ni alquiler de local ni gastos de calefacci√≥n ni luz ni Internet etc. ? A qui√©n debo acercarme, a qu√© oficina debo presentar mi solicitud? Es buen negocio ser ""mantero""?veo que si, all√≠ dentro de la estaci√≥n no pasan frio. √âste comentario no es racista, s√≥lo que √©sta situaci√≥n me parece bastante indignante. Y que las autoridades de metro no pongan una soluci√≥n."
"Casi todos los d√≠as por la ma√±ana o al medio d√≠a hay un tipo con muy mala pinta en la salida del metro que da a la calle. Se dedica a acosar a la gente pidi√©ndoles dinero de una manera muy agresiva, acerc√°ndose a la gente c√≥mo si fuera a agarrarles por el cuello de la camisa. Si bajas adentro de la estaci√≥n, o no hay nadie, o hay un guarda de seguridad de ch√°chara con el personal de informaci√≥n.. Igual ya le han dicho que se vaya.. pero yo ni una vez he visto que est√©n atentos de decirle que eso no se puede hacer. --- Por otro lado, estoy harto de perder el metro por 10 segundos de diferencia - no he visto una estaci√≥n en la que espere menos tiempo el metro. En la zona de serrano se tiran media hora esperando a que llegue, pero en Carabanchel (Opa√±el) se piran en un abrir y cerrar de ojos. No se si me lo podr√°n explicar de una manera razonable.. si no me creen, estoy por cronometrarlo un d√≠a. --- Actualizaci√≥n: hoy no hay guarda ni personal de informaci√≥n, sin embargo hay un nuevo inquilino - un vendedor de top manta metido dentro de la estaci√≥n hablando por tel√©fono a gritos üëç toma ya!"
"En este sitio tiene muchos comercios y eso me gusta mucho y bares la verdad que es muy agradable encontrar y da alegr√≠a esta zona"
"No tiene ascensor, las personas minusv√°lidas ni pueden acceder ni pueden salir. Las personas con hijos y sus carritos lo tienen complicado debido a sus escaleras en las dos bocas existentes. El barrio est√° muy sucio y descuidado, sobre todo por la gente y su mala educaci√≥n, beben cervezas y las dejan tiradas en el suelo aun habiendo una papelera a dos pasos. Una gentuza vergonzosa...."
"Est√° en un lugar bastante c√©ntrico para el barrio de Opa√±el y los que vive en el punto norte del barrio de Abrantes. Pero hay problemas con esa estaci√≥n: 1) muchas veces veo manteros ah√≠ vendiendo sus productos de origen sospechoso. 2) no hay ascensores y al menos una vez cada tres semanas veo que est√°n reparando la escalera mec√°nica ah√≠, sin considerar la gente minusv√°lida que necesita buscar otra estaci√≥n para acceder a la red de Metro y a la gente que est√© dando prisa. 3) Por fin instalaron una pantalla hace un a√±o o as√≠ indicando cuando viene el siguiente tren. Pero la mayor√≠a de las veces, la pantalla est√° informando permanentemente que hayan obras en una l√≠nea de Metro, o lo de la estaci√≥n de Gran V√≠a. La gente ya lo sabe, no hace falta informarlo mil veces. Quiero saber si el tren viene en 2 minutos o en 8. Lo bueno es que es f√°cil de encontrar la estaci√≥n, hay acceso a buses, bares y escuelas y que hay gel hidroalcoh√≥lico en la estaci√≥n."
"No tiene ascensor ni escaleras mec√°nicas para acceder a la calle. Mi madre, minusv√°lida, lleva a√±os sin poder acceder a Metro en su silla de ruedas; ni siquiera en el intercambiador de El√≠ptica!!!! De verg√ºenza, el que la tenga..."
"Hola buenas noches, solo he tenido la oportunidad de visitar sus v√≠as una sola vez, y fue en busca de un ba√±o el cual no encontr√©... Defequ√© en la acera, un saludo cordial. Espero ver carteles de aseos para la siguiente, cu√≠dense todos."
"Se par√≥ el reloj hace mucho tiempo."
"De pasillos amplios y limpios; Es muy seguido el control de abonos. No tiene ascensor y ya no hay manteros."
"Son arrios muy antiguos.Las viviendas son muy antiguas.Las calles estan vastante abandonadas.Si buscas algo en conquetro es vastante dificil para ver las calles.La vida de la gente son mayores no es lo mismo.Esta vastante abandonado las calles de esa zona."
"Estacion de metro que pertenece a la linea 6. No suele estar muy transitada de gente. Tiene 2 salidas a la calle. No dispone de ascensores."
"Pertenece a la l√≠nea 6. La estaci√≥n es bastante antigua, deber√≠an reformarla y poner ascensores para gente con movilidad reducida"
"Mucha gente, no hay aseos. Huele mal"
"No tiene problemas, las salidas est√°n bien comunicadas y est√° limpio. Nada m√°s que decir."
"Tiene su encant√≥ urban, pero le falta naturaleza"
"Estaci√≥n de metro de la l√≠nea 6 de Madrid. Esquina calle Portalegre y Avenida de Oporto."
"Posibilidad de aparcar por la zona."
"Opa√±el es una estaci√≥n del servicio de metro de Madrid l√≠nea 6 en la avenida Oporto en Madrid Espa√±a"
"Tiene en el suelo marcas asim√©tricas, pero mola. xd"
"Muy Bien comunicado mucha limpieza"
"Muy bien comunicado"
"Le falta una reforma. No es accesible para minusv√°lidos."
"Tampoco hay mucho que contar..."
"Lugar tranquilo... üëç‚Ä¶"
"Metro . Buen intento Google"
"C√©ntrico y social"
"buen lugar"
"Buen barrio"
"Incre√≠ble estaci√≥n"
"Metro Opa√±el"
"üëçüëç‚Ä¶"
"Buen servicio de metro."
"¬°S√∫per!"
