"Precioso parque urbano situado en Madrid. Si vienes a Madrid, no puedes pasar sin verlo. Recomendable el estanque, (do de podras pasear en barca de remo), palacio se cristal (donde suele haber exposiciones gratuitas)."
"La estaci√≥n pertenece a la l√≠nea 2 de metro. Es antigua y tiene varias obras dentro de la estaci√≥n. Tiene varias salidas. Una de las directamente al parque de El Retiro, que lo conecta con un peque√±o pasillo. No dispone de ascensores."
"Pasear por este emblem√°tico lugar, combinando: arquitectura, paisaje, historias, an√©cdotas...hacen del tiempo empleado una aut√©ntica postal, para el recuerdo."
"Metro Retir√≥ L 2. Sus andenes se inauguraron en 1924, cuando se puso en funcionamiento el primer tramo de la l√≠nea 2. Esta estaci√≥n est√° situada junto al famoso parque del que toma el nombre, principal parque de Madrid en el que se pueden visitar el estanque, los paseos de Coches y de Las Estatuas, los jardines de Cecilio Rodr√≥guez, los palacios de Cristal y de Vel√°zquez o las fuentes de la Alcachofa, de los Gal√°pagos y Egipcia, as√≠ como los monumentos a Ram√≥n y Cajal, P√©rez Gald√≥s o Alfonso XIII, y el monumento al √Ångel Ca√≠do, obra de Ricardo Belver. Uno de los andenes de la estaci√≥n est√° decorado con murales del dibujante Mingote."
"Muy bien. Gran paquete en el centro de Madrid. Estanque con patos y carpas que parecen ""submarinos"". Multitud de √°rboles, quiosco de m√∫sica, Palacio de Cristal con exposiciones. Estanque con cisnes , tortugas y peces"
"E uno de los parques que m√°s me gustan y m√°s recuerdos me trae de todo Madrid. Es una una belleza tanto para turistas como para locales, un iconos de Madrid."
"Esta estaci√≥n de metro pertenece a la l√≠nea 2 y es la que te lleva al famoso Parque del Retiro (de ah√≠ su nombre). Es una peque√±a estaci√≥n pero est√° bastante bien mientras la sigan manteniendo y haci√©ndole las obras correspondientes, ya que se trata de uno de los puntos m√°s tur√≠sticos de Madrid."
"El mejor parque del mundo...pero no paran  de cerrarlo por el m√≠nimo viento y en verano lo cierran por calor...es rid√≠culo llevo  visitando el parque m√°s de 30 a√±os y jam√°s hab√≠a cerrado tanto  !"
"La estacion de metro Retiro esta en excelente condiciones. Cada anden es u a obra de arte que anticipa a la entrada del maravilloso y excelente Parque del Retiro! Da un gusto enorme bajarse en esta estacion y ver los murales tan detalladamente excelente!"
"Es la parada de Metro por excelencia para llegar al Parque del Retiro, valga la rebundancia... Sumando que es la parada de obligado requerimiento si tienes la suerte de venir a Madrid y dar un paseo por todos los Tesoros que tienes en los alrededores... ¬°Madrid es super Bonito!"
"estacion peque√±ita para el gran servicio que da al retiro tiene una entrada directa al parque"
"Lo malo que cierren los ba√±os p√∫blicos a las 20:00 aunque est√° abierto hasta las 22:00"
"Siempre es gratificante visitar este hermoso parque! Todas sus √°reas son diferentes, tanta naturaleza, ahora en oto√±o el contraste de colores es maravilloso a la vista, hoy con el sol radiante, el lago, sus monumentos, tanto que observar en sus jardines y alrededores, hasta shows de talentosos m√∫sicos, bailarines, magos, entre otros."
"Lugar historico de Madrid Ya sea para caminar, hacer un Pic nic o beber algo en los chiringuitos. Vale la pena visitar El palacio de cristal y circundarbel lago donde  pueden alquilar botes para el paseo."
"Eau. Parque publico donde encontra mucha gente"
"Parada de metro c√©ntrica. Los accesos para silla de ruedas est√°n en la entrada superior, la m√°s cercana a Vel√°zquez. La entrada inferior, m√°s cercana a puerta Alcal√° el acceso es por varias y muchas escaleras"
"Un parque con gran encanto, con una amplia diversidad de lugares y atracciones que permiten disfrutar disfrutar de un rato de ocio y relax, aisl√°ndote de la vecina ciudad de Madrid. Tienes sitios para pasear, estanques amplios para remar, o bares para descansar un rato con una cerveza delante. Todo un espect√°culo aislado del ruido."
"Parque hist√≥rico lleno de bonitos y tranquilos rincones, con un masa bot√°nica variada y con construcciones  singulares, como el Palacio de Cristal, el Palacio de Vel√°zquez, etc. Es una pena que algunos rincones hayan desaparecidos como las, pagodas, el rinc√≥n andaluz, etc."
"Estaci√≥n de metro de la l√≠nea 2 con varias salidas a la calle en pleno barrio de Salamanca y un na saluda que directamente sales dentro del parque del Retiro. El personal  de la estaci√≥n esuy amable"
"Parque precioso, perfecto para dar un paseo, con un buen ambiente y tranquilo y espacioso"
"Adaptada en acceso al exterior mediante rampa para personas con movilidad reducida, pero ojo, el interior no est√° adaptado y se precisa ayuda para acceder al and√©n. El acceso de tornos es antiguo. El metro no es muy profundo."
"Fue roubada ayer nuestra estacion , muchas personas‚Ä¶.me quitaram mi movil de dentro de mi abrigo ‚Ä¶."
"El mejor parque de la ciudad, apto para todos y cualquier tipo de plan.  Se puede pasar todo el d√≠a con los ni√±os y mayores incluso.  Se puede practicar deporte, hacer un picnic, comer en alguna de sus terrazas, etc."
"Estacion de metro peque√±a antigua, tiene varias salidas una de ellas al parque del Retiro donde hacen concierto por las tarde algunos grupos. Es interesante verla. No es accesible para minusv√°lidos, tiene rampa al principio y luego para entrar hay 3 escaleras.... Deber√≠an de arreglar eso."
"Precioso y gran parque lleno de historia y zona verde en el centro de la ciudad. Con infinidad de posibilidades de realizar actividades al aire libre para todos los p√∫blicos. Parada obligatoria si no lo conoces"
"Estupendo para pasear con la familia, para llevar al perro, jugar con los ni√±os, darte una vuelta en barca etc...."
"Estaci√≥n con muy buenos accesos, incluso desde el propio parque. Dentro de la estaci√≥n, dispone de los mismos servicios que la mayor√≠a de estaciones de la red, incluido los puntos de carga para tel√©fonos."
"El Retiro, uno de los dos principales parques de Madrid y √©ste en particular, un referente a nivel mundial. La variedad y cantidad de √°rboles y plantas lo han hecho √∫nico, en cualquier √©poca del a√±o. No hay que olvidar que durante varios siglos fue patrimonio exclusivo de la aristocracia de Madrid y, por tanto, estuvo vedado a las clases bajas, con excepci√≥n de los criados que acompa√±aban a sus se√±ores."
"Es el principal parque de Madrid, un lugar espectacular para ir familia, solo, a caminar, tomar fotos, montar en bici, patines, trotar, hacer deporte, comer algo, tomar caf√© o helado y ver gente de todo el mundo....."
"Es genial, enorme y con much√≠simas cosas que ver, perfecto para dar un paseo, hacer un picnic, montar en las barcas, y montones de actividades m√°s! Muy recomendable!"
"Esta boca de metro tiene dos salidas. La salida que da al parque dispone de un pasillo algo desolado donde a pocos pasos encontrar√°s a sujetos poco recomendables dedic√°ndose al menudeo. No es recomendable ir a ciertas horas de la noche."
"El parque es perfecto para relajarse, descansar o para practicar deporte ya que es muy muy grande. Muy recomendado."
"Los d√≠as domingos hay mucha actividad, personas haciendo ejercicio, otra realizando piezas musicales. A los √°rboles le est√°n colocando luces para est√°s navidades"
"Un espacio precioso para poder pasear y disfrutar de un ambiente variopinto!!"
"Es uno de los mejores parques de Madrid en cuanto a variedad de √°rboles y cuidado de las zonas verdes y dem√°s edificios que en el podemos encontrar."
"Verde, limpio, fresco, hermoso lo adoro, ideal para pasear tranquilo, hacer deporte, leer o simplemente relajarte. Encantador!!"
"Excelente lugar para relajarse y conectar con la naturaleza. üòä‚Ä¶"
"Hermoso parque. Ideal para ir en familia y ejercitarse."
"Un muy bonito citio pero muy mal administrado, cerrado todo chiringuito, bar y ni siquiera los servicios abiertos, para un 1ro de enero... Muy muy mal."
"Muy bonito lugar donde te encuentras el contacto con la naturaleza en el centro de la gran metropolitana de una gran ciudad capital .MADRID"
"Es un parque muy grande y completo. Siempre es bueno ingresar ah√≠."
"Ir al retiro para tirarse sobre el pasto es una experiencia super buena,  ir a los botes o simplemente ir pasar un rato esta s√∫per bien."
"Parque cerrado cada vez que les da la gana, pero el restaurante sigue abierto. Una verg√ºenza."
"Excelente parque"
"Bell√≠simo parque para caminar,  pasar el d√≠a, relajarse"
"Parada de metro muy bonita y c√©ntrica."
"Como mexicana puedo decir que es similar a chapultepec, solo m√°s chico, muy bonito y agradable"
"Me parece un parque maravilloso. Es de obligada visita."
"Siempre es bueno visitar el retiro. Encantador, envolvente. Espacio natural para despejar cuerpo y mente."
"Sitio ideal para pasear y relajarse en Madrid"
"Mi parque favorito ü§©‚Ä¶"
"muy bien"
"Me encanta ir al parque! Un lugar precioso."
"Visita el Retiro de noche en navidad. Es como entrar a otro mundo. Muy recomendable"
"Mucho verdes, bibliotecas, ba√±os, hermoso lugar para caminar y hacer deporte, y otras muchas cosas m√°s."
"Cerca del parque de retiro,, estaci√≥n un poco antigua"
"Es incre√≠ble que una estaci√≥n tan importante no est√© adaptada para silla de ruedas"
"Hermozo y precioso paseo para repetir y disfrutar"
"C√≥moda, limpia y muy bien se√±alizada."
"Un parque espectacular muy cuidado y muy concurrido"
"Buen estado de la parada y a dem√°s cuenta con rampa para una accesibilidad inclusiva."
"Me parece genial que tenga salida directamente al parque!"
"Sales directamente al retiro o en 2 min estas en Alcal√°. Muy saturado en fin de semana"
"Este parque siempre lindo üòçüòçüòç‚Ä¶"
"Una estaci√≥n antigua pero con encanto."
"Un sitio perfecto para desconectar"
"Nadie puede irse de Madrid sin dar un paseo por el Parque del Retiro"
"El parque m√°s bonito de Madrid sin duda"
"Zona para caminar y disfrutar de las calles de Madrid"
"Esta bien lo √∫nico que los ba√±os p√∫blicos estaban cerrados"
"Un lugar hermoso para visitar"
"Tiene buena conexi√≥n al Parque de Retiro"
"Magn√≠fica estaci√≥n de metro con obras de Antonio Mingote."
"Parque ideal para relajarse"
"Un lugar con mucho encanto y que permite desconectar en el centro de la ciudad"
"Retiro es una estaci√≥n del servicio de metro de Madrid l√≠nea 2 en el parque del Retiro en Madrid Espa√±a"
"Un parque siempre es buen lugar!"
"Marco incomparable para disfrutar de Madrid."
"Mejor parque de Madrid en pleno centro"
"Bonita estaci√≥n de metro, directa al retiro."
"De noche tambi√©n tiene su encanto üòç‚Ä¶"
"Muy bonito amplio"
"Muy linda zona."
"Siempre un pase√≠llo da gusto"
"Excelente parque"
"imposible pasar con carro/beb√©s ...."
"Una de las mejores estaciones en Madrid"
"Sencillamente genial..."
"La droga que venden a la salida ha perdido calidad."
"bonita vista de tarde"
"Faltan estrellas para valorar :)"
"Parque de referencia en Madrid"
"Lindo,Lindo... m√∫sica, marcha,"
"Buena"
"Parada y paseo por El Retiro"
"Muchas salidas a la calle"
"Un tanto sucio"
"Bien comunicado"
"Excelente"
"Basura"
"GEnial"
"Todo"
"Una maravilla!!!"
"Enfrente del parque"
"Incompetentes"
"Un gran lugar. En su interior hay un museo de cristal que merece la pena visitar."
"Estaci√≥n poco concurrida que tambi√©n dispone de puntos de carga gratuitos para tel√©fonos."
"Estaci√≥n realmente agradable y f√°cil de encontrar. ¬°Gran acceso desde el parque a trav√©s de un t√∫nel! Las m√°quinas expendedoras de billetes est√°n disponibles aqu√≠."
"Incre√≠ble parque central de Madrid"
"Recomendar√≠a este metro. Tiene excelente acceso al parque por lo que es muy f√°cil entrar y salir."
"Qu√© hermoso parque es este. Lo tiene todo: un lago, fuentes, locuras, ¬°hasta un palacio de cristal! Se pronosticaba que hoy har√≠a 23¬∞c, pero cuando llegamos all√≠ hac√≠a 32¬∞c... ¬°Demasiado calor para los osos, como puedes ver en mis fotos de antes y despu√©s! Hay cafeter√≠as y helader√≠as repartidas por todas partes, pero recomendamos llevar mucha agua en un d√≠a caluroso (¬°la necesitar√°s)!"
"Parada poco concurrida, muy limpia, tiene dos pasos peatonales, uno de los cuales cruza la calle y conduce directamente al parque, muy √∫til."
"Fotos tomadas dentro del Parque del Retiro de Madrid el 26 de junio de 2022. Este parque es muy grande y vale la pena visitarlo."
"Excelente y espacioso parque Puedes hacer un picnic, alimentar a los pavos reales, un gran estanque."
"El personal que trabaja en la estaci√≥n no es amigable, el tipo de seguridad fue algo grosero."
"esta bien. lo suficientemente limpio. Puedes entrar sin salir del parque del Retiro, lo cual es bonito."
"Estaci√≥n de metro reformada, b√°jate aqu√≠ para ir al parque del Retiro"
"Divertido and√©n del metro"
"Agradable, bien cuidado, seguro, bonito, lleno de rincones!"
"¬°Parada de metro frente al Parque del Retiro!"
"Demasiado grande y un espacio fresco en el coraz√≥n de Madrid."
"una buena estacion"
"Metro limpio, el transporte p√∫blico es genial en Madrid"
"¬°El mejor lugar para descansar en Madrid!"
"Puedes llegar directamente al parque con esta estaci√≥n de metro."
"Estaci√≥n muy conveniente."
"Paseo nocturno perfecto"
"es un lugar maravilloso"
"Buen tiempo con la familia"
"Bella como siempre"
"Magn√≠fico parque"
"S√∫per bueno"
"Disfrutar"
"CCC XX (^^)(^^)"
