"Una parada de Mateo en el area de l Calle princesa.  Consta con ascensores y staff disponible en las instalaciones , siempre est√° limpio y tambi√©n est√° cerca de plaza Espa√±a. Metro l√≠nea 3.  Bueno que m√°s se podr√≠a decir de una parada de metro?"
"Estaci√≥n accesible correspondiente a la l√≠nea 3, tiene cobertura m√≥vil y est√° dentro de la zona tarifaria A. Dispone de salidas a la calle Princesa tanto pares como impares m√°s ascensor con salida a los pares. Suele estar bastante limpia y sus escaleras autom√°ticas funcionan correctamente."
"El nombre de la estaci√≥n se debe al famoso arquitecto. L√≠nea 3 de metro. La estaci√≥n est√° siempre limpia"
"Estoy de acuerdo q se hagan mejoras de servicio para personas con discapacidad pero tener servicio de ascensores pero q est√©n funcionando pero hacer ahorros no funcionan entonces mi pregunta por q se quiere retirar espacio de acera en San Bernardo hacer obra para poner ascensor si luego no funcionan es un gasto innecesario y si m√°s de centena de a√±os se ha podido vivir por q ahora no me parece fatal las gestiones pol√≠ticas."
"Hacia tiempo que no iba.Bien el servicio y lo que yo he comido,corazones de alcachofa y rape, estaba muy rico‚Ä¶"
"La parada m√°s in√∫til de la historia, tienes a 5 minutos andando la parada de Plaza Esp y a otros 5 la de Arguelles. Supongo que la hicieron para el perro de Esperanza Aguirre, que vive por all√≠ y no puede aguantar m√°s de 5 minutos de paseo porque ella lo ha cebado como a Gargant√∫a. A√∫n as√≠ me parece muy ineficaz."
"Una parade metro normal, no muy transitada, con una l√≠nea muy completa para dirigirte a todas partes, que va desde la zona universitaria de Moncloa y arguelles, hasta el sur con villaverde alto, pasa por el puro centro con callao y sol."
"Me queda a 200 metros la salida del ascensor, buen√≠simo"
"Estaci√≥n con ascensor. Situada cerca del Palacio de Liria."
"Me encanta    .   .   .   Es  espacioso y moderno como casi todo el metro de Madrid    .   .   ."
"Solo he ido 1 vez, poco puedo opinar, normal"
"Ventura Rodr√≠guez L√≠nea 3"
"BONITO Limpio seguro confortable Un servicio A1 BUENA UBICACI√ìN. Buen precio"
"Estaci√≥n peque√±ita con cobertura y salida de la boca mirando direcci√≥n Arg√ºelles."
"Es una construcci√≥n civil bastante buena y pr√°ctica. Adem√°s, bonita."
"La estaci√≥n m√°s bonita de toda la red de metro de Madrid."
"Es una calle calle del distrito de Moncloa que da acceso directo al templo de Debot."
"Bien cuidado y con todos las necesidades, ascensor, rampas y mucho espacio ."
"Juzgados"
"la estacion vertura rodrigez en madrid esta en madrid espa√±a viva rodriguez el rodriguez"
"Zona muy activa, con establecimientos de todo tipo. Mucho ojo a carteristas."
"Excelente"
"Nada negativo que decir"
"Correcto"
"Bien"
"Una bonita √°rea de Madrid"
"Bueno"
"Muy moderna y funcional"
"Nada especial"
"Metro en centro de Madrid"
"Buena estaci√≥n de metro"
"Limpio y c√≥modo"
"La estaci√≥n de metro cercana al Templo de Debod y punto de encuentro de las salidas de autobuses tur√≠sticos."
"Buena infraestructura."
"Bonita estaci√≥n de metro en un bonito barrio."
"Es necesario en muchas m√°s temporadas."
"Chachy üôÇ‚Ä¶"
"¬°Buen lugar! ¬°Buen lugar! Hamon es como debe ser :)"
"El metro lleg√≥ a tiempo y las se√±ales indicaban claramente la salida. 10/10 volver√≠a a salir del metro aqu√≠."
"¬°Agradable y seguro para pasear a cualquier hora del d√≠a!"
"Estaci√≥n muy cerca de la Plaza de Espa√±a"
"De acuerdo"
"BIEN."
