"He vivido 5 a√±os en Puente de Vallecas y nunca me hab√≠a acercado a conocer el Casco Hist√≥rico de su villa, hoy me pillaba cerca y he ido a ver algunos de sus murales y ya de paso el centro."
"Estaci√≥n de #metro Madrid correspondiente a la l√≠nea 1, es accesible para personas con movilidad reducida, cuenta con ascensor y escaleras mec√°nicas. Tiene dos salidas al Paseo Federico Garc√≠a Lorca y Plaza Sierra de Gador. Est√° dentro de la zona tarifaria A, suele estar limpia y en buenas condiciones."
"En la presentaci√≥n de un acto por el Orgullo 2021 en Villa de Vallecas en el que se han dramatizado poemas de Lorca, Cernuda, Gloria Fuertes, √ìscar Wilde y Jacinto Benavente. Con la presencia de todos los representantes de la Junta de Distrito, menos los de siempre (tampoco se ha notado). Encantado y muy contento."
"Gran distrito de Madrid, en la zona sureste de la capital. Entre el Ensanche, Santa Eugenia y el pueblo, da gusto vivir aqu√≠. No confundir con Puente de Vallecas, pues no tiene nada que ver un distrito con otro."
"Excelente lugar con excelente historia"
"Es un barrio de toda la vida, tiene mucho encanto. Las personas mayores en sus bancos.. habr√≠a cosas que mejorar, pero a√∫n as√≠ a mi me encanta pasear por la villa y su ambiente familiar."
"üìå Tiene varias salidas y f√°cil acceso para personas con movilidad reducida con ascensor. #juliodiarte‚Ä¶"
"A la estatua del Oso y el Madro√±o de Madrid le ha salido competencia. Desde hoy se gestan ya en un taller 40 r√©plicas exactas del emblem√°tico monumento de la Puerta del Sol. En diciembre formar√°n parte de una exposici√≥n en el centro cultural Matadero y en 2022 ocupar√°n de forma temporal los lugares m√°s emblem√°ticos de Madrid para el disfrute de los ciudadanos. Las nuevas representaciones tienen m√°s color: una est√° dedicada al metro de Madrid por su labor esencial en tiempos dif√≠ciles; otra pone cara a las profesiones que estuvieron en primera l√≠nea en la pandemia, una ilustra la espera de los vecinos en los balcones; otra m√°s refleja un cielo azul de esperanza; y todas transmiten el mismo sentimiento: gratitud. La iniciativa responde al concurso de dise√±o amateur ¬°Muchas gracias, Madrid!, un certamen que invitaba a la ciudadan√≠a a redise√±ar el Oso y el Madro√±o para homenajear a las personas y colectivos que lucharon y luchan contra la pandemia. El concurso, organizado por EL PA√çS y la cadena SER en colaboraci√≥n con el Ayuntamiento de Madrid, recibi√≥ cerca de 500 candidaturas de entre las que el jurado eligi√≥ este mi√©rcoles la ganadora y los 39 dise√±os que la acompa√±ar√°n en su exhibici√≥n por la ciudad."
"Excelente lugar para compartir con familiares y amigos. Me encant√≥ la limpieza y orden de las calles y sus edificios muy lindos"
"Estaci√≥n de metro sin seguridad. Gente fumando en el and√©n."
"Linda estaci√≥n, en general bien cuidada y sus alrededores de d√≠a, est√°n muy bien y tranquilo. De noche no es peligroso, pero hay que estar atento."
"Ubicada en el centro de Villa de Vallecas. Con dos salidas diferenciadas. Posee un ascensor para ser m√°s accesible a personas con dificultades de movilidad. Muy di√°fana y moderna. Tiene escaleras mec√°nicas para hacer m√°s f√°cil su comunicaci√≥n."
"Es un barrio majisimo buena gente"
"Aqu√≠ si nos encontramos con los/las ex. Y con los amigos y vecinos. Esto si es Comunidad y esto si es Madrid no el decorado que nos quieren vender."
"Tomamos un men√∫ degustaci√≥n y todo de muy buena calidad y muy buena presentaci√≥n. Del precio no puedo opinar, porque fue una invitaci√≥n."
"La iglesia tiene alrededor restaurantes, para disfrutar de diferentes platillos"
"Es el barrio m√°s chulo de Madrid"
"Un lugar super tranquilo agradable varias opciones para comer y tomar algo .. me gusta"
"Otro bonito adem√°s de hist√≥rico barrio de la tambi√©n villa de Madrid"
"Estaci√≥n de metro que pertenece a la l√≠nea 1. Estaci√≥n de metro de las antiguas.  Dispone de cobertura m√≥vil."
"Es un sitio muy bonito"
"Me gusta xq es como un pueblo xo hay de todo!Lo q no me gusta es para aparcar,no hay hueco"
"Muy bonito aunque en esta fecha mucho calor"
"Iglesia de San Pedro ,muy hermosa."
"Buena zona y tranquila"
"gente c√°lida y un barrio agradable."
"Encuentras de todo en este lugar. Muy limpio!"
"Lindo y acogedor pueblito madrile√±o!"
"Calles grandes y bonitas"
"Hermosa Catedral"
"No esta siteo como parada"
"Un pueblo aut√©ntico"
"Limpio y seguro"
"Preciosa Villa"
"Bonito..."
"Como todas"
"Es muy preciso!"
"V√≠a p√∫blica"
"Casualmente estaba pasando por all√≠. El ambiente es bastante bueno y hay bebidas gratis. Ir√© all√≠ a menudo en el futuro."
"Es una pr√°ctica estaci√≥n de metro."
"no me gusta"
