"URL","Usuario","Info","Fecha","Reseﾃｱa"
"https://lh3.googleusercontent.com/a-/ALV-UjVhJaoBy7Xiu4hxN5vFGQQTiunQWGgC9T8XHKNJBWbXaYFwT0AY=w36-h36-p-rp-mo-ba3-br100","Mario Dato","Local Guide ﾂｷ 46 reseﾃｱas ﾂｷ 41 fotos","Hace una semana","Lo ﾃｺnico que hay en Leganﾃｩs que sea interesante es Parque Sur y unas ferias unas pocas veces al aﾃｱo. Destacar que sus calles son seguras y hay mucha vida."
"https://lh3.googleusercontent.com/a/ACg8ocJ-7vcskUHSehaKaOui-yL-QkolmNaqrLCHiSCg1eXgF3vWdw=w36-h36-p-rp-mo-ba4-br100","Miguel Angel Gonzalez","Local Guide ﾂｷ 132 reseﾃｱas ﾂｷ 18 fotos","hace 3ﾂdﾃｭas","La estaciﾃｳn de cercanﾃｭas estﾃ｡ bien pero faltan asientos en los andenes. Los carteles de informaciﾃｳn no funcionan muy bien"
"https://lh3.googleusercontent.com/a-/ALV-UjUElK0eYg7KWKszWKoyLrmeGSccG6k0wASXuIV4iDIvu3PaoZTqGw=w36-h36-p-rp-mo-ba6-br100","MERCE ADRIMER","Local Guide ﾂｷ 518 reseﾃｱas ﾂｷ 1.668 fotos","Hace un aﾃｱo","Llevo viviendo en Leganﾃｩs 24 aﾃｱos, trabajando 36 y desde que era muy pequeﾃｱa, pasaba mucho tiempo en casa de mis tﾃｭos, con lo cual, me siento pepinera 沽Å衍ｰ. Es un pueblo de Madrid, que tiene prﾃ｡cticamente de todo lo que se pueda necesitar, salvo un segundo Hospital, ya que el Severo Ochoa, se ha quedado muy pequeﾃｱo para la poblaciﾃｳn que hay actualmente. Por lo demﾃ｡s, me encanta vivir y trabajar aquﾃｭ. Espero que sea para siempre."
"https://lh3.googleusercontent.com/a/ACg8ocI3pHK3c_JONuTYitwLSAaPcUMdO5KWIbrcaOEXLEwDan8mmRU=w36-h36-p-rp-mo-ba8-br100","Miguel Martﾃｭnez","Local Guide ﾂｷ 2.297 reseﾃｱas ﾂｷ 15.251 fotos","Hace 4 meses","Estaciﾃｳn amplia, que suele estar bastante limpia y en la que los servicios (mﾃ｡quinas expendedoras de billetes, escaleras, atenciﾃｳn al pﾃｺblico) funcionan bastante bien. Combina Cercanﾃｭas y Metro, siendo el principal punto de transporte pﾃｺblico en Leganﾃｩs. Ubicada muy cerca del centro de la ciudad."
"https://lh3.googleusercontent.com/a-/ALV-UjWdX3tAK1ZJlSEdh8h8NGSBOAWGhVcUa-CtxrL2cSRL-XqgIQzj=w36-h36-p-rp-mo-ba8-br100","Ma Ca","Local Guide ﾂｷ 1.250 reseﾃｱas ﾂｷ 22.125 fotos","Hace 6 aﾃｱos","La estaciﾃｳn estﾃ｡ al aire libre, a nivel de calle. Suele estar limpia la estaciﾃｳn. Comunica con la lﾃｭnea 12 de metrosur. Los trenes pasan con bastante frecuencia generalmente, a no ser que haya alguna incidencia. Tiene un andﾃｩn supletorio no sﾃｩ porquﾃｩ..."
"https://lh3.googleusercontent.com/a/ACg8ocJEeibmMxVH7Kw-4foxgxFGSoAMyqpLrPWZd_7BU9cM2nnxFQ=w36-h36-p-rp-mo-ba3-br100","Carmen Nuﾃｱez","Local Guide ﾂｷ 41 reseﾃｱas ﾂｷ 33 fotos","Hace 4 meses","Mi queja es sobre la atenciﾃｳn de los empleados:3 personas dentro de las taquillas ( ﾃｩstas con el cartelito de fuera  de servicio) y no fueron capaces de prestar ayuda a las personas que no sabemos utilizar las maquinas,Tuvimos que pedir ayuda a otros usuarios por quﾃｩ apesar de solicitar la ayuda a los empleados no fueron capaces de ayudar."
"https://lh3.googleusercontent.com/a-/ALV-UjVeufVfs8DZc-4Ea3nyQmPlfooIx_I7MSBQI8N8ggHx67NDXV3T=w36-h36-p-rp-mo-ba3-br100","Ma Elisa Marin Alonso","Local Guide ﾂｷ 33 reseﾃｱas","Hace 5 meses","La instalaciﾃｳn estﾃ｡ bien .cerca de los autobuses .por poner unos peros la vigilancia cero.no hay en los tenﾃｩs de C5 para subir en silla de ruedas y deberﾃｭa ya que es un cercanﾃｭa que va muchﾃｭsima gente y las demas cercanﾃｭas si lo tienen"
"https://lh3.googleusercontent.com/a/ACg8ocLOdcenbqL6zDbU6-VahRFagvLcrbB_yAqCKjCgC6y027sKkg=w36-h36-p-rp-mo-ba4-br100","Begoﾃｱa Medina Garcia","Local Guide ﾂｷ 16 reseﾃｱas ﾂｷ 13 fotos","Hace 5 meses","La estaciﾃｳn de Leganﾃｩs estﾃ｡ muy bien. Lo peor la C5, q siempre pasa algo. Retrasos, trenes hasta arriba de gente.."
"https://lh3.googleusercontent.com/a/ACg8ocJQMbY12vrS1hSOIG23aayPmnHJrx4ov4qGerab8HQntb2mxA=w36-h36-p-rp-mo-ba3-br100","Jesﾃｺs Romero sanz","Local Guide ﾂｷ 28 reseﾃｱas ﾂｷ 3 fotos","Hace un mes","Vivo en Leganﾃｩs,solo puedo tener palabras bonitas para mﾃｭ pueblo , aunque se pueden mejorar cosas ,como en todos los sitios"
"https://lh3.googleusercontent.com/a-/ALV-UjVcsQ7_VE6MRP7de7K9lRbWS0q8O1SJrFOHia69lvLwWlQXlXr5=w36-h36-p-rp-mo-ba4-br100","Usman Ali","Local Guide ﾂｷ 65 reseﾃｱas ﾂｷ 109 fotos","Hace 4 meses","Muy buena ubicaciﾃｳn"
"https://lh3.googleusercontent.com/a-/ALV-UjWe-ygAmkjAxme9Ts7T2aiIaHlVuLoEfDGkU_XlmdGtzKS93yGh=w36-h36-p-rp-mo-ba5-br100","Pio fernﾃ｡ndez","Local Guide ﾂｷ 119 reseﾃｱas ﾂｷ 31 fotos","Hace 9 meses","La estaciﾃｳn de cercanﾃｭas estﾃ｡ bastante abandonada, sﾃｭ a ﾃｩsto unimos que los paneles de informaciﾃｳn no funcionan correctamente y en ciertos horarios los trenes direcciﾃｳn Mﾃｳstoles el Soto sufren alteraciones... Sugiero la utilizaciﾃｳn de metrosur."
"https://lh3.googleusercontent.com/a-/ALV-UjUhQEQGO-LKhnix2M-hpHnwiFGEtxe-3eNjvqC03NWQxfo_2YK-PA=w36-h36-p-rp-mo-ba3-br100","Sara Sosa Jimﾃｩnez","Local Guide ﾂｷ 25 reseﾃｱas ﾂｷ 12 fotos","Hace 10 meses","Una estaciﾃｳn bastante limpia, debo ir frecuentemente es de los pocos ascensores a los que te subes y huele bien! Estﾃ｡ muy bien ubicado, y el acceso es fﾃ｡cil, tiene dos salidas, la verdad es que recomiendo a las personas con carrito es una buena opciﾃｳn para viajar con los peques, la estaciﾃｳn es segura y estﾃ｡ bien equipadap"
"https://lh3.googleusercontent.com/a-/ALV-UjWrhS6ZLcCglyYc5HmyWLoz8C4HV8VHUvSoA8YwbF4nSM3Iw7B2=w36-h36-p-rp-mo-ba4-br100","carmen serrano paino","Local Guide ﾂｷ 75 reseﾃｱas ﾂｷ 20 fotos","Hace 3 meses","La estacion en si esta bien lo malo son las escaleras mecanicas q van a la calle q siempre estan rotas"
"https://lh3.googleusercontent.com/a-/ALV-UjUR_TnB1Cjyq95ng7o2Dn7d_9ecl1Wd_wZdJZ9DJhGst6-TPUDg=w36-h36-p-rp-mo-ba6-br100","Juan Lorca M.","Local Guide ﾂｷ 190 reseﾃｱas ﾂｷ 492 fotos","Hace un aﾃｱo","Como la mayorﾃｭa de estaciones, bien comunicada con otros transportes. El personal de ventanilla muy amables y te orientan bien. Dispone de servicio de cafeterﾃｭa y alguna que otra tienda. Y lo mejor es que el personal me comunicﾃｳ de la posibilidad de activar la tarjeta para que sea gratuita."
"https://lh3.googleusercontent.com/a-/ALV-UjUoUVwiAh1LY-Jex3uQKe7rJVJfzs7F-iRzhfCS4bRByBs4xaKasA=w36-h36-p-rp-mo-ba7-br100","Sergio Nﾃｺﾃｱez Lﾃｳpez","Local Guide ﾂｷ 890 reseﾃｱas ﾂｷ 11.717 fotos","Hace 6 aﾃｱos","Lﾃｭnea C5 de Renfe cercanﾃｭas. Lﾃｭnea 12 de metro metro sur. Tambiﾃｩn pasa el tren que va a Cﾃ｡ceres."
"https://lh3.googleusercontent.com/a-/ALV-UjXGNbCPnbaNYS3cYkMKiL4odhAG7ysA9wJxdTMlHhakztDYLFfPaw=w36-h36-p-rp-mo-ba6-br100","Toni Jardim","Local Guide ﾂｷ 443 reseﾃｱas ﾂｷ 4.441 fotos","Hace 5 aﾃｱos","Es una estaciﾃｳn de metro y cercanﾃｭas Renfe, estﾃ｡ en proyecto una reforma y actualizaciﾃｳn... Despuﾃｩs de esto deberﾃｭa ser 5 estrellas"
"https://lh3.googleusercontent.com/a-/ALV-UjVy0Y-iVFMvXSzhPRg08wDXRxoJ5yN7cFJDntMInNVxgjvRVAdZ=w36-h36-p-rp-mo-ba4-br100","Jose Jesus Rodriguez Asensio","Local Guide ﾂｷ 272 reseﾃｱas ﾂｷ 11 fotos","Hace 2 meses","Es vieja, con sensacion de desidia y abandono, y olvidada por parte de las autoridades correspondientes"
"https://lh3.googleusercontent.com/a-/ALV-UjUTWruCuJwqGlAvnyApviG0vsKXPSgZGprbGwFqhZXiMyMe5Rw=w36-h36-p-rp-mo-ba7-br100","MERIME M","Local Guide ﾂｷ 278 reseﾃｱas ﾂｷ 6.508 fotos","Hace 11 meses","Esto te encuentras dﾃｭa si otro tambiﾃｩn, un  dﾃｭa aparcan a puerta de tren cercanias,LITERAL"
"https://lh3.googleusercontent.com/a-/ALV-UjXtFqR0NFRWK-C2MdexSlWpt4xQe34n-WiOo5l35q_7AsqnVakt=w36-h36-p-rp-mo-ba4-br100","Marcel Ferreira Cabre","Local Guide ﾂｷ 53 reseﾃｱas ﾂｷ 272 fotos","Hace 7 aﾃｱos","Estaciﾃｳn de Renfe Lﾃｭnea C5 . Perfecta para ir rapidamente a Madrid y tener ma s comodidad que en. Etro o en bus"
"https://lh3.googleusercontent.com/a-/ALV-UjXRSc4WV39dSVZbnP1nrbV4GOYjk6FIhc8_F8wJbJQA_VowTM8=w36-h36-p-rp-mo-ba4-br100","M Sol Gar","Local Guide ﾂｷ 201 reseﾃｱas ﾂｷ 7 fotos","Hace 5 meses","Esta bien y el cercanﾃｭas es muy rﾃ｡pido"
"https://lh3.googleusercontent.com/a-/ALV-UjUnvtVOCueILcn2AsNhIma2S-yRlCvT7sR8Zsqill63kSfYOZi0-Q=w36-h36-p-rp-mo-ba4-br100","Kenia Mena","Local Guide ﾂｷ 59 reseﾃｱas ﾂｷ 18 fotos","Hace 3 meses","Las pantallas de informaciﾃｳn deberﾃ｡n ser cambiadas."
"https://lh3.googleusercontent.com/a-/ALV-UjUB8C27JRA-l7yYB_Qi6p8C8r16b_WoJFhH-TqWclhp6iUxNzYA=w36-h36-p-rp-mo-br100","AlGork TreceDoce","4 reseﾃｱas","Hace 2 aﾃｱos","Buena estaciﾃｳn con acceso a lﾃｭnea 12 de metrosur y Renfe Cercanﾃｭas,buena atenciﾃｳn al pﾃｺblico,al menos a mﾃｭ,de vez en cuando la lﾃｭnea 5 de cercanﾃｭas tiene algﾃｺn retraso el  cual lo suelen comunicar por megafonﾃｭa a destiempo.窶ｦ"
"https://lh3.googleusercontent.com/a/ACg8ocK0S7TLWfOAs39MUboeiQoEnjHanLx28gw5OF5A7p-I05mT6A=w36-h36-p-rp-mo-br100","E.R","24 reseﾃｱas ﾂｷ 2 fotos","Hace 2 aﾃｱos","El trato recibido por la seﾃｱora de pelo rizado es horrible. somos muchos los usuarios que no hemos quejado de ella pero parece que a Renfe le da igual, ya que sigue igual de ofensiva, maleducada y sin ganas de ayudar. Cerrarte la ventanilla mientras hablas y gritarte es lo que casi todos los usuarios con alguna incidencia recibimos de esa seﾃｱora. Hoy ha sido la segunda vez que me pasa con ella. ﾂｿEs normal tener a una persona sin educaciﾃｳn cara al pﾃｺblico?"
"https://lh3.googleusercontent.com/a-/ALV-UjXolXQ2-vH4aSw8qGssThtgkz4uOPXmMvnNpBJGuoGWlYbj-BWH=w36-h36-p-rp-mo-br100","Rosalia Hervas C.","6 reseﾃｱas ﾂｷ 2 fotos","Hace un aﾃｱo","No me gusta como estﾃ｡n vigiladas las mﾃ｡quinas de la Renfe, y tambiﾃｩn es molesto que la Renfe tarde mucho en llegar, hay mucha gente por culpa de ello, deberﾃｭan de pasar mﾃ｡s trenes, y siempre hay alguien pidiendo o vendiendo"
"https://lh3.googleusercontent.com/a-/ALV-UjUYjQXcsEiTQfs8mUo0klQQsmKgqmdoUSisERB_oCMvt3EfqMG3=w36-h36-p-rp-mo-br100","Arianna de la Cruz","19 reseﾃｱas ﾂｷ 10 fotos","Hace 2 aﾃｱos","Hoy en la maﾃｱana hubo un atraso de 30min en el C5, sﾃｩ que no es responsabilidad del que atiende en taquilla pero sﾃｭ es su responsabilidad darle el debido justificante a los usuarios afectados. Lleguﾃｩ a la fila y habﾃｭan dos personas atendiendo en la misma taquilla a un usuario! Ya de por sﾃｭ uno estﾃ｡ atrasado y esto atrasa aﾃｺn mﾃ｡s, al pedirle amablemente que si podﾃｭan dividir esfuerzos para que las personas pudieran ser atendidas a la mayor brevedad tuve una respuesta muy grosera y poco profesional por parte de uno de los muchachos jﾃｳvenes que atendﾃｭa.  A la seﾃｱora que iba delante de mﾃｭ no le quiso dar el justificante, segﾃｺn ﾃｩl afirmaba no se lo podﾃｭa dar ahﾃｭ sino en la estaciﾃｳn de salida. En fin, pﾃｩsima la atenciﾃｳn! Le doy una estrella porque debo darle alguna sino ni una le daba!"
"https://lh3.googleusercontent.com/a/ACg8ocIq8Xg9yN6VlcKnWe9RbHZUTuG8KNf61tKC6pSPwo1VSZBcZg=w36-h36-p-rp-mo-br100","Lidia Lopez","47 reseﾃｱas ﾂｷ 10 fotos","Hace 2 aﾃｱos","Mi reseﾃｱa es simplemente por el personal. Una mujer en concreto con gafas, y pelo rizado en un moﾃｱo. La he pedido ayuda en 3 ocasiones y me ha faltado arrodillarme para que lo haga. Contestando de manera muy antipﾃ｡tica. Desde luego no se que hace trabajando personas con ese nivel de empatﾃｭa cara al pﾃｺblico."
"https://lh3.googleusercontent.com/a-/ALV-UjW3jX9zWkkQwYG3AwM0UgpglZNA0P_6Tjqm88Ol-PBpBAkTHtVV=w36-h36-p-rp-mo-ba5-br100","George I. King","Local Guide ﾂｷ 343 reseﾃｱas ﾂｷ 502 fotos","Hace 3 aﾃｱos","Pesima atencion por parte del empleado de Renfe cercanias. Hace tiempo pedi la tarjeta de +Renfe que es personal y se cumulan puntos. Intentando mpasarla por la maquina para comprar un viaje me daba error. Me puse en la cola para preguntar el ventanilla. El seﾃｱor q me atendio era muy borde y antipatico. Sin explicaciones me dijo q  tengo q comprar una de cartﾃｳn, porque la que tengo no sirve."
"https://lh3.googleusercontent.com/a/ACg8ocKC5fKBx0X9LsGFckGnNCcyMwLd6c2tAvig4zs-O4UwKJB0aw=w36-h36-p-rp-mo-br100","Hicham Touyess","3 reseﾃｱas","Hace 6 meses","La experiencia ha sido muy buena"
"https://lh3.googleusercontent.com/a/ACg8ocK1MFmdnUjXYKZG3OO6id4d5s05sdzBB-SRQrAI4AgEMGB3eg=w36-h36-p-rp-mo-ba4-br100","Alfredo Gonzalez","Local Guide ﾂｷ 104 reseﾃｱas ﾂｷ 2 fotos","Hace 6 meses","Lo malo es q tardan en arreglar las escaleras mecﾃ｡nicas, y hay mucho flujo de personas"
"https://lh3.googleusercontent.com/a-/ALV-UjWIrgo-n79Pk3i_2lKaNJSwGGzimfK-zvuQya87oJEbUXMX6hZo=w36-h36-p-rp-mo-ba5-br100","Eduardo Mosquero","Local Guide ﾂｷ 155 reseﾃｱas ﾂｷ 435 fotos","Hace 4 meses","Cﾃｳmodo con amplio aparcamiento"
"https://lh3.googleusercontent.com/a-/ALV-UjWoGvFy1vSjWp6FFaiKDPe8e8FpY55z4_w8VvsQpH-xERYz8lY3=w36-h36-p-rp-mo-ba5-br100","Javier MC","Local Guide ﾂｷ 176 reseﾃｱas ﾂｷ 312 fotos","Hace 6 aﾃｱos","Buena estaciﾃｳn, limpia y especiosa. Estﾃ｡ muy cerca del centro de leganﾃｩs, si vienes en transporte pﾃｺblico te deja a pocos minutos de casi todo. En ella puedes coger el tren y el metrosur. Ademﾃ｡s justo a su puerta puedes coger la lﾃｭnea de autobﾃｺs interurbano 484."
"https://lh3.googleusercontent.com/a/ACg8ocJzRfuJBSTSrcybDDo--605psOqcFM54GUf1hIvEUeAGGVMxhyb=w36-h36-p-rp-mo-ba4-br100","Jl NH","Local Guide ﾂｷ 60 reseﾃｱas ﾂｷ 12 fotos","Hace 4 aﾃｱos","Todos los dias la misma historia. Soy un usuario que va cargado siempre y una de las chicas de la taquilla SIEMPRE pone trabas en poner las puertas grandes en verde para pasar el abono. Me acaba de hacer perder un tren por quﾃｩ tenﾃｭa que comprobar donde iba. SEﾃ前RA, QUE LO PONGA EN VERDE, QUE NO QUIERO QUE ME ABRA, QUE LO PONGA EN VERDE. Todo esto decir que voy con carga de unos 28kilos y es teﾃｳricamente IMPOSIBLE que me cuele, tanto por el peso como por el volumen. Siempre la misma historia todos los santos dﾃｭas."
"https://lh3.googleusercontent.com/a/ACg8ocIj7AMj1d1_VNBBls-EaweKMrFU9pECEA1HgH7w2cYYtEULCx9E=w36-h36-p-rp-mo-ba4-br100","Alejandro Salazar","Local Guide ﾂｷ 72 reseﾃｱas ﾂｷ 199 fotos","Hace 4 aﾃｱos","La estaciﾃｳn estﾃ｡ muy bien Hoy jueves 19/12/19 12:45 Eh pedido muy educadamente informaciﾃｳn a la seﾃｱorita de la taquilla de como ir hasta donde de casal y la verdad que para estar detrﾃ｡s de un mostrador deja mucho de que desear x lo borde y x la poca informaciﾃｳn que puede ofrecer"
"https://lh3.googleusercontent.com/a/ACg8ocJLGOmt5L1uQwWbX9EJe_XIkl54bRW39YibR6rkEyfvUFjwIQ=w36-h36-p-rp-mo-br100","Sergio Mateos Garcﾃｭa","10 reseﾃｱas ﾂｷ 2 fotos","Hace un aﾃｱo","Los torneos no funcionan la mitad. RENFE poneros las pilas, funciona 1000 veces mejor el METRO"
"https://lh3.googleusercontent.com/a-/ALV-UjWcqxM6RXlCdTegWkh7LMRGDVaO7bCnr-IpflXxtuF1DqyArGB8jQ=w36-h36-p-rp-mo-br100","Adriana Padilla ruiz","7 reseﾃｱas","Hace 4 aﾃｱos","Esperar 25min en la estacion a que llegue el tren me parece una pasada solo para ir de leganes central a fuenlabrada, pasan trenes que van a atocha pero a fuenlabrada tienes que esperar una media de 20min solo por las maﾃｱanas pasa con diferencia de 10min, no me parece normal... pagas un abono mensual y aparte el servicio de afluencia de trenes por lo menos por este lado es pﾃｩsimo."
"https://lh3.googleusercontent.com/a/ACg8ocLp0LuHkbWt3-p1nL0rIyV0lf3_3hd_2v6qu5fmtqk6L9qdQw=w36-h36-p-rp-mo-ba4-br100","Jesus Angel Silva","Local Guide ﾂｷ 56 reseﾃｱas ﾂｷ 1 foto","Hace 3 meses","Podﾃｭa remodelarse"
"https://lh3.googleusercontent.com/a-/ALV-UjWtX7-bp01mo7u3eYzqzJ0Ha9wI04NKmN8WW6atqB2M9FtRxlOy_A=w36-h36-p-rp-mo-br100","Mariluz MaBeA","3 reseﾃｱas","Hace un aﾃｱo","No es un buen servicio yo viajo todos los dﾃｭas y tengo que viajar con una hora y media porque hay veces   es sﾃｺper demorado es mucho mejor el metro"
"https://lh3.googleusercontent.com/a/ACg8ocLqCvOhE7xV2yUJWsNmd3KIaVL0GYDrPqZPo4mrN7XXBUoyXA=w36-h36-p-rp-mo-br100","Pilar Bolaﾃｱos","2 reseﾃｱas","Hace 8 aﾃｱos","Es vergonzoso lo mal que fucionan los trenes de cercanﾃｭas desde Parla. No es normal que nos paren los trenes todos los dﾃｭas, un dia se puede tener una averﾃｭa pero todos no. Esto es maltrato a los ciudadanos. Como espera el Gobierno que le votemos despuﾃｩs de tratarnos como borregos??"
"https://lh3.googleusercontent.com/a/ACg8ocK2lFApOhC9IeUuXJJFvZXzY8J-ZcwPKIXGh2IiqXuBBl2rTQ=w36-h36-p-rp-mo-ba5-br100","Pilar Francos","Local Guide ﾂｷ 354 reseﾃｱas ﾂｷ 531 fotos","Hace 3 aﾃｱos","Es un poco cutre la estaciﾃｳn, ademﾃ｡s con lo que tardan algunos trenes han quitado asientos y es incomodﾃｭsimo esperar allﾃｭ con el frﾃｭo"
"https://lh3.googleusercontent.com/a-/ALV-UjVTjaUC2suyvu-9Ic4C-cuXYDhTDiY7g4AOUfFh3BkvzX9ijsM=w36-h36-p-rp-mo-ba3-br100","CIDADﾃグ EM ALERTA","Local Guide ﾂｷ 32 reseﾃｱas ﾂｷ 2 fotos","Hace 6 meses","Buenas pero sigues en obras todavﾃｭa."
"https://lh3.googleusercontent.com/a-/ALV-UjUa5ab4TrZuOw5W0NgZ7yXfgL3bDoMvc7QVAe1hKwgrKaEbcSDjVw=w36-h36-p-rp-mo-ba6-br100","Juan Miguel Fernﾃ｡ndez","Local Guide ﾂｷ 310 reseﾃｱas ﾂｷ 3.238 fotos","Hace 9 meses","No tiene acceso para movilidad reducida"
"https://lh3.googleusercontent.com/a-/ALV-UjUa3yR4lATUT4apJt8MNXt8qJN1Jk-Hzbf9bKF3VcPw9c6X1a0=w36-h36-p-rp-mo-ba3-br100","MarﾃｭA C","Local Guide ﾂｷ 38 reseﾃｱas","Hace 4 aﾃｱos","Estaciﾃｳn de cercanias que pertenece a la C5. Instalaciones al aire libre y antiguas. Ademﾃ｡s comunica con Metro (metrosur). Suele estar siempre transitado de gente."
"https://lh3.googleusercontent.com/a-/ALV-UjWAd-HHSKpibfGX7N6thzFsY_yRamx2qnj-PMD_gMvzzAEyLWGp=w36-h36-p-rp-mo-ba5-br100","Pilar Ro","Local Guide ﾂｷ 154 reseﾃｱas ﾂｷ 27 fotos","Hace 3 aﾃｱos","Nos hicieron el canet de jubilado al momento, la seﾃｱorita mas amable que te puedes encontrar, es maravilloso encontrar personas tan competentes y profesionales, en los tiempos que corren, de agradecer la verdad"
"https://lh3.googleusercontent.com/a-/ALV-UjU-6qgUZd7oCDCn13ta-6n-bCULfzkWpRDHiDXPDMErpz2hkeUWPA=w36-h36-p-rp-mo-ba5-br100","Myshel Ahora y Siempre","Local Guide ﾂｷ 118 reseﾃｱas ﾂｷ 438 fotos","Hace 4 aﾃｱos","Esta bien siempre limpio y tiene acceso a los dos lados ademﾃ｡s tiene la o oficina de transporte y hay metro y Renfe"
"https://lh3.googleusercontent.com/a-/ALV-UjVYUfmIPnB9dWu8q9A5Hf-3FkHdoEIRKOHkYmPbAH6Ga7w0vq5i=w36-h36-p-rp-mo-ba6-br100","Marﾃｭa Gabriela Flores Ionadi","Local Guide ﾂｷ 366 reseﾃｱas ﾂｷ 1.804 fotos","Hace 9 meses","Esta bien, limpia y controlada"
"https://lh3.googleusercontent.com/a-/ALV-UjVifYnqrBA9Lvmd7Awoeg8qJW6bRNVqhses2JjqC2kRlXcuWOEO=w36-h36-p-rp-mo-ba4-br100","Poquet garab","Local Guide ﾂｷ 88 reseﾃｱas ﾂｷ 57 fotos","Hace 7 aﾃｱos","Renfe cercanﾃｭas, metro sur y varias lﾃｭneas de bus. Amplia estaciﾃｳn y buena limpieza. Megafonﾃｭa buena. Bastante bien en su conjunto."
"https://lh3.googleusercontent.com/a/ACg8ocKR1nsBiTNXsJgXxvfITav4mkClDhYvvfzvidoWf46D5NpGXQ=w36-h36-p-rp-mo-br100","Inma Cruz","12 reseﾃｱas","Hace 2 aﾃｱos","Gracias al chico de la taquilla pudimos coger el tren a tiempo para poder llegar a tiempo y fue muy amable con nosotros."
"https://lh3.googleusercontent.com/a-/ALV-UjVh655QbLviXX5T69nvQNO02AN2CiElfXcjMeOLuSFo-VflJ9c3hQ=w36-h36-p-rp-mo-ba6-br100","Nice Paes","Local Guide ﾂｷ 262 reseﾃｱas ﾂｷ 843 fotos","Hace 3 aﾃｱos","Hoy he tenido que hacer transbordo por las obras en la linea C 5, personal educado y atentos."
"https://lh3.googleusercontent.com/a-/ALV-UjWLACXdJpxAEtH4VPDZ6W-LTnps140tTNMhBX1wAlTzaIgVmXqf=w36-h36-p-rp-mo-ba5-br100","Gabriel Montero Montes","Local Guide ﾂｷ 404 reseﾃｱas ﾂｷ 582 fotos","Hace 8 aﾃｱos","Intercambiador de transportes de la ciudad de Leganﾃｩs. En este punto convergen la estaciﾃｳn de Trenes de Leganﾃｩs que es prestada servicios por la lﾃｭnea C5 de cercanﾃｭas y varios trenes con destinos regionales, la parada de Metro Sur de Leganﾃｩs Central, lﾃｭnea 12 y varias lﾃｭneas de bus."
"https://lh3.googleusercontent.com/a-/ALV-UjVh3RpqQQWs7Q7FYo7jqqzQxGVTDLV-d2AfRLYgx8O7VRUTge9N=w36-h36-p-rp-mo-ba4-br100","Jackal Cordero Tattoo","Local Guide ﾂｷ 198 reseﾃｱas ﾂｷ 5 fotos","Hace un aﾃｱo","Buena ciudad de clase obrera, limpia ordenada y muy social"
"https://lh3.googleusercontent.com/a-/ALV-UjWkFewGErxxQ7FgzFeBIqUK-7y2tafAztQCbbLQLo8MMRgt2rw=w36-h36-p-rp-mo-ba3-br100","Ruma Kovic","Local Guide ﾂｷ 76 reseﾃｱas","Hace 3 aﾃｱos","Como todas las estaciones centrales del sur de Madrid, lugar a evitar a partir de cierta hora."
"https://lh3.googleusercontent.com/a-/ALV-UjWYnIOKNhTe80i7yxgqOxFjKMDpUIXKOJTC_QEFgMckqCOibgUd=w36-h36-p-rp-mo-ba5-br100","Pablo de la Paz Sen","Local Guide ﾂｷ 154 reseﾃｱas ﾂｷ 1 foto","Hace 2 aﾃｱos","Dice el refrﾃ｡n; me gusta Leganes por lo fresco que es,tambiﾃｩn tiene cosas buenas y malas"
"https://lh3.googleusercontent.com/a-/ALV-UjXbMGYuVVfnejwkb-ZizSvHZx6B32ZjzGFQjY_pEVncnboxwfKs=w36-h36-p-rp-mo-ba5-br100","Jose Manuel Martﾃｭnez Gil","Local Guide ﾂｷ 782 reseﾃｱas ﾂｷ 12 fotos","Hace 6 aﾃｱos","Muy buena estaciﾃｳn,en pleno centro, conexiﾃｳn con metro, soterrada,en buen estado,todo perfecto."
"https://lh3.googleusercontent.com/a-/ALV-UjVdv7pshFl05LRCvI285FZbSlBO293JV7SVAfMelVL9U16mDOA=w36-h36-p-rp-mo-ba7-br100","Pere Serrano Alonso","Local Guide ﾂｷ 1.298 reseﾃｱas ﾂｷ 4.433 fotos","Hace 2 aﾃｱos","Estaciﾃｳn Renfe Cercanﾃｭas de Madrid. Lﾃｭnea C5"
"https://lh3.googleusercontent.com/a/ACg8ocIP-4rwHdzdNr7BYw9ceq1OuKO27Pm52VWUOgxxbGrbIo9ZdA=w36-h36-p-rp-mo-ba5-br100","sara raquel vegas chamorro","Local Guide ﾂｷ 111 reseﾃｱas ﾂｷ 4 fotos","Hace 2 aﾃｱos","Estﾃ｡ muy bien y la estaciﾃｳn de metro estﾃ｡ muy calentito"
"https://lh3.googleusercontent.com/a-/ALV-UjW8xWrJXE3So9GRAL4yCZZZ1He3t3OGrTdCEA9nkPjZK1gKFRGq=w36-h36-p-rp-mo-ba4-br100","Vanessa Heredero Garcia","Local Guide ﾂｷ 123 reseﾃｱas ﾂｷ 6 fotos","Hace 3 aﾃｱos","Tardan la vida en darte cita y el policﾃｭa de la puerta todo borde"
"https://lh3.googleusercontent.com/a-/ALV-UjUiXPYOAzwYly_PEaJa6rNXQUrZTOKLLPYLXmNF_QJMye2fYFXN=w36-h36-p-rp-mo-ba4-br100","Alejandro Grande","Local Guide ﾂｷ 61 reseﾃｱas ﾂｷ 12 fotos","Hace 3 aﾃｱos","Esta bien, pero a partir de cierta hora hay que tener cuidado"
"https://lh3.googleusercontent.com/a-/ALV-UjXjlm4rY-S8U-l0Au2w7GoLpOOEhrBxk5c6hpt-tClRG4CtazpM=w36-h36-p-rp-mo-ba4-br100","Maria Janeth Quinto Mosquera","Local Guide ﾂｷ 207 reseﾃｱas ﾂｷ 216 fotos","Hace un aﾃｱo","Muy buena experiencia, excelente atenciﾃｳn"
"https://lh3.googleusercontent.com/a-/ALV-UjXkTALL2laENses5GE864C4nI8uYTHgCh9iBAdXiNeHFQeBZ8NF=w36-h36-p-rp-mo-ba5-br100","Alerking Vegas","Local Guide ﾂｷ 186 reseﾃｱas ﾂｷ 989 fotos","Hace 7 aﾃｱos","La gente se raya mazo pero es por no llegar a tiempo 沽を沽 muchas veces se me ha ido el tren en las narices y otras justo ha llegado  al mismo tiempo que yo.窶ｦ"
"https://lh3.googleusercontent.com/a/ACg8ocKCorKDO06NU72QGeZKDUXa3HFa2l9o3AFAXpOFML6wI243aQ=w36-h36-p-rp-mo-br100","Sam Tab","2 reseﾃｱas","Hace 6 aﾃｱos","Leganes  es muy lindo,se haborda el tren para distintos lugares,hermosos restaurante,heladerias ,bueno en si Espaﾃｱa es muy lindo"
"https://lh3.googleusercontent.com/a-/ALV-UjV7jNx0QEWA32AIovvdj0BHSMnB73gDTdEZFTC0EeWpkEZS3eF0=w36-h36-p-rp-mo-ba4-br100","cesar junior","Local Guide ﾂｷ 61 reseﾃｱas ﾂｷ 26 fotos","Hace 2 aﾃｱos","Un buen sitio  tiene todas las comunicaciones con metro tren y autobuses"
"https://lh3.googleusercontent.com/a-/ALV-UjVYCcV2hjSVEXb1AZtUGSr1eiKRxHRblO26eljYgAqo8FlUgJ0W=w36-h36-p-rp-mo-ba5-br100","Isidoro Toribio","Local Guide ﾂｷ 262 reseﾃｱas ﾂｷ 1.106 fotos","Hace 6 aﾃｱos","Amplia, limpia, luminosa, comunicada con Metrosur. Muchos trenes a Madrid, Fuenlabrada y Humanes."
"https://lh3.googleusercontent.com/a/ACg8ocKKVVifQM05lKW_ntpGpfpgpPfCLWHZCahVX2BbDdOciqQg0A=w36-h36-p-rp-mo-ba4-br100","Eugenia Pino Gomez","Local Guide ﾂｷ 115 reseﾃｱas","Hace 3 aﾃｱos","Buena estaciﾃｳn de tren tranquila y muy accesible con metrosur"
"https://lh3.googleusercontent.com/a-/ALV-UjWcHgpYnHSfs-PF1L5ZNZ8JjPdp97LHgq3wyRIaeXGcVJj7vWq9=w36-h36-p-rp-mo-ba5-br100","Alberto Gonzﾃ｡lez","Local Guide ﾂｷ 265 reseﾃｱas ﾂｷ 29 fotos","Hace 8 aﾃｱos","Estaciﾃｳn nueva y con accesos para minusvﾃ｡lidos. Aunque suele no funcionar algﾃｺn torno."
"https://lh3.googleusercontent.com/a/ACg8ocLBOB-_ZsutfXau1iSOCCjKaS5850V3eQxbXo6X8M24IrwQxg=w36-h36-p-rp-mo-ba6-br100","Ovidio Diaz","Local Guide ﾂｷ 394 reseﾃｱas ﾂｷ 101 fotos","Hace 10 meses","Muy bien"
"https://lh3.googleusercontent.com/a-/ALV-UjXT2sWvIRwtGw7R05OlGnQQmNRAWN11LDmoIJpDDluiiX94gEbz=w36-h36-p-rp-mo-ba6-br100","miguel angel castellanos molina","Local Guide ﾂｷ 546 reseﾃｱas ﾂｷ 797 fotos","Hace 2 aﾃｱos","Un intercambiador de transporte de metro renfe cercanﾃｭas y autobuses que funciona bastante bien"
"https://lh3.googleusercontent.com/a-/ALV-UjU705NK0ck2J_zqiblOpWK6cVsz-GTq79ZmCasqp4MwlJcMnk8J=w36-h36-p-rp-mo-ba3-br100","Juan Antonio","Local Guide ﾂｷ 29 reseﾃｱas ﾂｷ 4 fotos","Hace 7 aﾃｱos","En conjunto muy buena estaciﾃｳn limpia y con dos cafeterﾃｭas"
"https://lh3.googleusercontent.com/a-/ALV-UjU5gVZ8hVSzNEBMxCVXe1Qch29uPNpV0skfs18XZ42Ogqf_e92y=w36-h36-p-rp-mo-ba5-br100","Carlos Cordoba","Local Guide ﾂｷ 172 reseﾃｱas ﾂｷ 614 fotos","Hace 3 aﾃｱos","Linda ciudad!! Con un boulevard grandisimo!!!!! Buenas compras a bajos precios"
"https://lh3.googleusercontent.com/a-/ALV-UjV9SAQrFJk2wNlr5R8LtxE9k7h8OPKeokrhe7dfHk7NgcEfC7Qm=w36-h36-p-rp-mo-ba3-br100","Brenda Brenda","Local Guide ﾂｷ 42 reseﾃｱas ﾂｷ 2 fotos","Hace 2 aﾃｱos","Vivo aquﾃｭ,quﾃｩ puedo decir沽窶ｦ"
"https://lh3.googleusercontent.com/a/ACg8ocIuByRUKzjbOJPKadfjZU8nftr3vkcf7gLLYLHdxsMy5b8bqg=w36-h36-p-rp-mo-ba4-br100","Valentin Sanchez Blas","Local Guide ﾂｷ 178 reseﾃｱas ﾂｷ 2 fotos","Hace un aﾃｱo","Muyyyy mal en obras"
"https://lh3.googleusercontent.com/a/ACg8ocKtsFlClS5s7XaiYAzmpYihGThxA0VxhgZYe-_FpmwIau9vOw=w36-h36-p-rp-mo-ba4-br100","Victor Bondia","Local Guide ﾂｷ 83 reseﾃｱas ﾂｷ 34 fotos","Hace un aﾃｱo","Atenciﾃｳn al cliente muy buena"
"https://lh3.googleusercontent.com/a-/ALV-UjUTpDTS_Y8nWYDAiTwMKGwNd-GORItq30uWJ4cPDpUtGSYvJhEA=w36-h36-p-rp-mo-ba5-br100","Luis Miguel Garrido","Local Guide ﾂｷ 186 reseﾃｱas ﾂｷ 319 fotos","Hace 3 aﾃｱos","Algo mﾃ｡s d vigilancia a ciertas horas"
"https://lh3.googleusercontent.com/a-/ALV-UjXCJ6i4xQoyRrTtxEIs0_pRySnfXRFqLhtFUYKRehKxUwuCVeTB=w36-h36-p-rp-mo-ba5-br100","Carlos Mendoza","Local Guide ﾂｷ 422 reseﾃｱas ﾂｷ 1.258 fotos","Hace 7 aﾃｱos","Muy bien conectada con lﾃｭnea 12 y cercanﾃｭas renfe c5"
"https://lh3.googleusercontent.com/a-/ALV-UjU1Dm4m1XZGaWyhy23Xj7qkdZFF-yI8weVMVGqU6ANGOdCPuUjO=w36-h36-p-rp-mo-ba4-br100","Paul Noguera","Local Guide ﾂｷ 158 reseﾃｱas ﾂｷ 10 fotos","Hace un aﾃｱo","Un lugar tranquilo, bonito."
"https://lh3.googleusercontent.com/a/ACg8ocKZi6sMrRrIjSLK1MRcvDz9aAxykDTXYGqD9Fj-ZjrSTqRHOg=w36-h36-p-rp-mo-ba3-br100","Jorge Alvez","Local Guide ﾂｷ 44 reseﾃｱas ﾂｷ 70 fotos","Hace un aﾃｱo","Bien bien"
"https://lh3.googleusercontent.com/a/ACg8ocJVt2C7p2S2JqkGqF8sq9Ndbvy4E-7j1soV8mh-YPEWvEGelg=w36-h36-p-rp-mo-ba5-br100","Jozzepp Pikado Newado","Local Guide ﾂｷ 236 reseﾃｱas ﾂｷ 2.007 fotos","Hace 5 aﾃｱos","Bonita poblaciﾃｳn de MADRID. Tiene de todo."
"https://lh3.googleusercontent.com/a/ACg8ocIlHZ0t8HyHKP-RvOuthTDS2Wrayftzyf04LwlhXcEdpHADmn4=w36-h36-p-rp-mo-ba3-br100","Ricardo Garcﾃｭa Gﾃｳmez","Local Guide ﾂｷ 18 reseﾃｱas","Hace 4 aﾃｱos","Esta bien"
"https://lh3.googleusercontent.com/a/ACg8ocJgCXdo91kC6cC91ebRFVIaSrGzem5lFbbMytdKv_LulVpA8g=w36-h36-p-rp-mo-ba3-br100","Ignacio Escribano","Local Guide ﾂｷ 38 reseﾃｱas ﾂｷ 33 fotos","Hace 4 aﾃｱos","Es donde me criﾃｩ, no estﾃ｡ mal"
"https://lh3.googleusercontent.com/a/ACg8ocLn1Ctv4TxoIODC97EXVAgYuogtTh6SNE__jmVbdbNXTpQe4Q=w36-h36-p-rp-mo-br100","Patricia Sanchez","1 reseﾃｱa","Hace 6 aﾃｱos","Cada dﾃｭa vienen a la hora que les da la gana no respetan los horarios marcados"
"https://lh3.googleusercontent.com/a/ACg8ocL3hUj3TkO3xFMApRbjaiqzn24Bs_9yzYFUJfYOgIZl4iVv=w36-h36-p-rp-mo-ba2-br100","Roy Albert","Local Guide ﾂｷ 18 reseﾃｱas","Hace 2 aﾃｱos","Un lugar muy bonito"
"https://lh3.googleusercontent.com/a/ACg8ocI7TEsPja9kGt7vl7N5i0Eq7aSgQwSoMxbpifapFCP8k7McUhuc=w36-h36-p-rp-mo-ba6-br100","Cristina Chacﾃｳn Martﾃｭnez","Local Guide ﾂｷ 114 reseﾃｱas ﾂｷ 284 fotos","Hace un aﾃｱo","Habﾃｭa bastante gentes"
"https://lh3.googleusercontent.com/a-/ALV-UjWKesBUkj0_yQc8xCSkEdwDMENSYfih1PVISSbajGVQGS0mpbHn=w36-h36-p-rp-mo-ba5-br100","Tess","Local Guide ﾂｷ 254 reseﾃｱas ﾂｷ 713 fotos","Hace 5 aﾃｱos","Me gusta"
"https://lh3.googleusercontent.com/a-/ALV-UjU-tnIxH8QGGZz5XrJrPOlqqrh4pFDfze_YE8xMsmaL-5aoiDgD0Q=w36-h36-p-rp-mo-ba7-br100","Jesus Rincon","Local Guide ﾂｷ 1.513 reseﾃｱas ﾂｷ 4.468 fotos","Hace 3 aﾃｱos","Correcto"
"https://lh3.googleusercontent.com/a/ACg8ocIe_W2nnz47ZfJcrxTVqc243reZQTyJy01Jd5vNfacw7Lz7lA=w36-h36-p-rp-mo-ba5-br100","Juan Josﾃｩ Gﾃｳmez Prieto","Local Guide ﾂｷ 278 reseﾃｱas ﾂｷ 25 fotos","Hace 4 aﾃｱos","Es el lugar dﾃｳnde me criﾃｩ"
"https://lh3.googleusercontent.com/a/ACg8ocKXd1xKmU5avEVSjRQ2d_DdEiXdmg_s-IyitYw4wpPVWknj-Q=w36-h36-p-rp-mo-br100","Valentin Lopez Gijon","17 reseﾃｱas","Hace 4 aﾃｱos","Funciona bien"
"https://lh3.googleusercontent.com/a-/ALV-UjWAe0p3eqd_2jkfFfUP5OTFiw3KOkmXlo-VZ_My2YT1czMU5a-U=w36-h36-p-rp-mo-ba4-br100","Roxana BP","Local Guide ﾂｷ 101 reseﾃｱas ﾂｷ 164 fotos","Hace un aﾃｱo","Bien"
"https://lh3.googleusercontent.com/a-/ALV-UjXVUzdAkvREvkT19co7NtyqJVHg92Dp_PRtSB431zIcoZ32DqfTXg=w36-h36-p-rp-mo-ba5-br100","patricia tibisay reyes","Local Guide ﾂｷ 177 reseﾃｱas ﾂｷ 1.211 fotos","Hace un aﾃｱo","汨坂ｦ"
"https://lh3.googleusercontent.com/a-/ALV-UjVNpYCuYMA81bkDNunxtw0MjJ_QEbSZKY8GEIE98ilhngYz3XA=w36-h36-p-rp-mo-ba3-br100","Hanaa Hanaa","Local Guide ﾂｷ 19 reseﾃｱas ﾂｷ 6 fotos","Hace un aﾃｱo","洟｣洟｣洟｣洟｣窶ｦ"
"https://lh3.googleusercontent.com/a/ACg8ocI5pVRMRAHFqlL53I--aETGIG8u4HAYWmfbbWOkyLLpqBNKIw=w36-h36-p-rp-mo-br100","Maximo Bohopo","1 reseﾃｱa ﾂｷ 3 fotos","Hace 7 aﾃｱos","Fallan bastante los tornos"
"https://lh3.googleusercontent.com/a-/ALV-UjVlCHXngavzQUehx4q7lBtZ3sPRgsfZbBwZmj_cT8Cue3wHHJNigw=w36-h36-p-rp-mo-ba6-br100","Alberto Collado","Local Guide ﾂｷ 420 reseﾃｱas ﾂｷ 1.910 fotos","Hace 8 aﾃｱos","Buena limpieza del lugar"
"https://lh3.googleusercontent.com/a-/ALV-UjWPKCvTxHRnz_Om3-J63-mujRMvNGpYfhFWPiaN_o18LC4rhGo=w36-h36-p-rp-mo-br100","Oscar Perez","2 reseﾃｱas","Hace 8 aﾃｱos","No mola nada"
"https://lh3.googleusercontent.com/a-/ALV-UjU0RhTHr_btSCdfAksJECLPuGEWw80K7gOpOJCUajK-JvbiHM-l=w36-h36-p-rp-mo-ba2-br100","Juan Castillo","Local Guide ﾂｷ 24 reseﾃｱas","Hace 4 aﾃｱos","Limpieza"
"https://lh3.googleusercontent.com/a-/ALV-UjW32uYoQuNh71epszfN8Z0rtlw35XI5y4OutF35o5PB4mMGy10=w36-h36-p-rp-mo-ba6-br100","Mar Love","Local Guide ﾂｷ 470 reseﾃｱas ﾂｷ 588 fotos","Hace 2 aﾃｱos","Bien"
"https://lh3.googleusercontent.com/a-/ALV-UjVZXcXgVpUEuZqSm2KG1sCaknPHm22Jyl2hqhZOymyfrJqqh9F3=w36-h36-p-rp-mo-ba5-br100","JOSE M PINERO ROMERO","Local Guide ﾂｷ 166 reseﾃｱas ﾂｷ 276 fotos","Hace 4 aﾃｱos","Una mas"
"https://lh3.googleusercontent.com/a-/ALV-UjU37EjnO6VXbKTCBDP3DyU2MSfcmCNKYSw7jw4u9fTd2vigPfO-6w=w36-h36-p-rp-mo-ba5-br100","Fernando Lopez Bravo","Local Guide ﾂｷ 81 reseﾃｱas ﾂｷ 297 fotos","Hace un aﾃｱo","Bien"
"https://lh3.googleusercontent.com/a-/ALV-UjVZY0HoHOb7lzycQDWjKey0rY0ABGKAZdibLczqX3_UWre4TRE=w36-h36-p-rp-mo-ba7-br100","Urban Traveler","Local Guide ﾂｷ 2.516 reseﾃｱas ﾂｷ 6.643 fotos","Hace 4 aﾃｱos","La estaciﾃｳn de Atocha estﾃ｡ a unos 20 minutos."
"https://lh3.googleusercontent.com/a-/ALV-UjVD6NKT21Gq7d1LeOKsAGGf_5z6GXgXyM5Qdj8resAz6Opto5guIQ=w36-h36-p-rp-mo-ba4-br100","FABIO HUMBERTO CONGOTE SANCLEMENTE","Local Guide ﾂｷ 148 reseﾃｱas ﾂｷ 44 fotos","Hace un aﾃｱo","De acuerdo"
"https://lh3.googleusercontent.com/a-/ALV-UjWJ_g-pnIh7793Peaf8HBX9vV4r_3t116PuYcLWzO3pkpE8Q6XA=w36-h36-p-rp-mo-ba5-br100","David Castaﾃｱo","Local Guide ﾂｷ 186 reseﾃｱas ﾂｷ 508 fotos","Hace 5 aﾃｱos","Buen lugar, tranquilo para vivir."
"https://lh3.googleusercontent.com/a-/ALV-UjUJcf_kuISESkgCJH4xsHsrBqqgyrSUZVTtHWSw5_c_dgH9_PQC=w36-h36-p-rp-mo-ba5-br100","Chakir Doukali","Local Guide ﾂｷ 9 reseﾃｱas ﾂｷ 45 fotos","Hace 2 aﾃｱos","asombroso"
"https://lh3.googleusercontent.com/a-/ALV-UjX_bXQK1kvIbkfJMLfYu9paNfj0uUWb_gTJXMuINsxSNlmusEu4=w36-h36-p-rp-mo-ba6-br100","Multan Sultan","Local Guide ﾂｷ 372 reseﾃｱas ﾂｷ 118 fotos","Hace 2 aﾃｱos","Bien"
"https://lh3.googleusercontent.com/a-/ALV-UjXWnyN5WUDcqitwKLkcGmmH5w1rKMoQ7c3XRmie6q8_rsRcpS1w=w36-h36-p-rp-mo-br100","Rocket Yoga Madrid","1 reseﾃｱa","Hace 6 aﾃｱos","El mejor lugar jamﾃ｡s"
"https://lh3.googleusercontent.com/a-/ALV-UjXtKhOXkfhIRkwSYR4NOLN7f5Fn6ZoL6uVs0cBTVpupFSKTffGwfw=w36-h36-p-rp-mo-ba2-br100","Aurora Alvarez","Local Guide ﾂｷ 13 reseﾃｱas ﾂｷ 3 fotos","Hace un aﾃｱo","De acuerdo"
"https://lh3.googleusercontent.com/a-/ALV-UjXnNaWrSZbCKYWMcIFjwp725YE_vnXPZSehUu2Um3fmunvcmROY=w36-h36-p-rp-mo-br100","MARCOS Sanagustin","249 reseﾃｱas","Hace 7 aﾃｱos","LEGANES"
"https://lh3.googleusercontent.com/a/ACg8ocLVn4uqATnU6zRWYDZRXqhuakkdHz9fLDoeT-KlEOOu7M1Ymg=w36-h36-p-rp-mo-ba4-br100","antonio juan martinez fernandez","Local Guide ﾂｷ 131 reseﾃｱas ﾂｷ 24 fotos","hace 2ﾂdﾃｭas",""
"https://lh3.googleusercontent.com/a/ACg8ocJaqAEQed_1ihG4NihZ1Fh556ATb2eGknwsihpC8j2M28kIZw=w36-h36-p-rp-mo-br100","Lyubomira Veselinova","7 reseﾃｱas ﾂｷ 2 fotos","Hace un mes",""
"https://lh3.googleusercontent.com/a/ACg8ocKsAHT-dAFVe34B81oIB4f4NLnUbbaGPw5MS7qkhG1AElhCyg=w36-h36-p-rp-mo-ba3-br100","rafa moguer","Local Guide ﾂｷ 30 reseﾃｱas ﾂｷ 4 fotos","Hace 2 meses",""
"https://lh3.googleusercontent.com/a-/ALV-UjUkpmIjGOXl43FDradw_Gj87a3tUm4Esqod_wJVhKK512vsBPQ=w36-h36-p-rp-mo-ba5-br100","Alex R.A","Local Guide ﾂｷ 234 reseﾃｱas ﾂｷ 64 fotos","Hace 2 meses",""
"https://lh3.googleusercontent.com/a/ACg8ocK5GICMveIwOMY1UegL5ubfN_jn4L5Ahwomrrcw_s-y058Fow=w36-h36-p-rp-mo-ba4-br100","Manuel Benito","Local Guide ﾂｷ 48 reseﾃｱas ﾂｷ 5 fotos","Hace 3 meses",""
"https://lh3.googleusercontent.com/a-/ALV-UjXf9cNhL4DK8_rl1l2kXIXdV0DxEUhRr74Q3JLwNMLTUJhTHSg=w36-h36-p-rp-mo-ba5-br100","maria rodriguez simon","Local Guide ﾂｷ 15 reseﾃｱas ﾂｷ 1.007 fotos","Hace 3 meses",""
"https://lh3.googleusercontent.com/a-/ALV-UjVlfdW8xTE1eg4U56mG26vM44GSZnD5LV8SnIqI8lTkc9Wdb0T6=w36-h36-p-rp-mo-ba4-br100","Luis Gallardo","Local Guide ﾂｷ 35 reseﾃｱas ﾂｷ 80 fotos","Hace 4 meses",""
"https://lh3.googleusercontent.com/a/ACg8ocJUUO-_RkWEtb5r0zY-dtY4WnHZ2PslqzTT9-VPGyQgyT-Hxg=w36-h36-p-rp-mo-ba4-br100","Vanesa Sﾃ｡nchez Lﾃｳpez","Local Guide ﾂｷ 32 reseﾃｱas","Hace 5 meses",""
"https://lh3.googleusercontent.com/a-/ALV-UjWJzLUg3ZxrQGidnew03o6ZweScxJ2dZ85fNbUHn7dbHSjDqtKU=w36-h36-p-rp-mo-ba4-br100","Arpine Aghajanyan","Local Guide ﾂｷ 49 reseﾃｱas ﾂｷ 19 fotos","Hace 5 meses",""
"https://lh3.googleusercontent.com/a-/ALV-UjWSEwHJSt9YPcR92CCAm4jSf7pjA33m2wHAqmm76Qg35Q5wwmt9dg=w36-h36-p-rp-mo-ba4-br100","Lorena Montenegro","Local Guide ﾂｷ 13 reseﾃｱas ﾂｷ 6 fotos","Hace 7 meses",""
"https://lh3.googleusercontent.com/a/ACg8ocJl7D-T7n2_irvhfeBq_jNFBINxSPQ6_o7svXFBrxvc3bfPHg=w36-h36-p-rp-mo-br100","Mar Dominguez Garcia","14 reseﾃｱas","Hace 8 meses",""
"https://lh3.googleusercontent.com/a-/ALV-UjXgp2w45-dFbE4rPLm2IP8drOKUIb7L7anTURDyNYKivz5TRznYxw=w36-h36-p-rp-mo-ba4-br100","Santiago Cembellin","Local Guide ﾂｷ 83 reseﾃｱas ﾂｷ 178 fotos","Hace 8 meses",""
"https://lh3.googleusercontent.com/a/ACg8ocK7tEDBSSog7TKbNWLSVIHGhSzKaSnQl1CrO40dhP38zkccuA=w36-h36-p-rp-mo-ba3-br100","Silvia Ramos arco","Local Guide ﾂｷ 8 reseﾃｱas ﾂｷ 21 fotos","Hace 9 meses",""
"https://lh3.googleusercontent.com/a/ACg8ocIqvRf78-8qBbAvjqjwFNurlDjFKCFoUnCXzUfvgvRCLkuKGw=w36-h36-p-rp-mo-ba4-br100","maria dolores sanz gil","Local Guide ﾂｷ 39 reseﾃｱas ﾂｷ 29 fotos","Hace 10 meses",""
"https://lh3.googleusercontent.com/a-/ALV-UjXAHpgr1t8oMtL3InA68dr7jxKj68ZD1BeDRon4lYaB218skZgJ4A=w36-h36-p-rp-mo-ba3-br100","Maria Camila Suarez Alonso","Local Guide ﾂｷ 4 reseﾃｱas ﾂｷ 6 fotos","Hace 11 meses",""
"https://lh3.googleusercontent.com/a-/ALV-UjXQlybPW30Fqg92vFrVJQ-EUoQgHPG0ale4DbEQirxsqq0QTpY=w36-h36-p-rp-mo-br100","Psicﾃｳlogo Alejandro Montero","11 reseﾃｱas","Hace 11 meses",""
"https://lh3.googleusercontent.com/a/ACg8ocJAUpm1LztLF6eVrQ8PyGE-jVnMp6pUv49-_rrt5QllfBUvKw=w36-h36-p-rp-mo-ba3-br100","Martin Timanﾃ｡ Alvaro","Local Guide ﾂｷ 5 reseﾃｱas ﾂｷ 1 foto","Hace un aﾃｱo",""
"https://lh3.googleusercontent.com/a-/ALV-UjX05QOGxAkFCI8maQoZJy5vjU2DcKbz3yVVmeCbFlhcTO6cS4qBkw=w36-h36-p-rp-mo-ba4-br100","arturo trejo","Local Guide ﾂｷ 40 reseﾃｱas ﾂｷ 226 fotos","Hace un aﾃｱo",""
"https://lh3.googleusercontent.com/a/ACg8ocKRpn9X0LIS2A2pp6urguNn-hA8IGD7ppmjMi8E-l2FDrtZbg=w36-h36-p-rp-mo-ba4-br100","Jacobo Nacar del Arco","Local Guide ﾂｷ 28 reseﾃｱas ﾂｷ 16 fotos","Hace un aﾃｱo",""
"https://lh3.googleusercontent.com/a-/ALV-UjUWpSmIdEAGJUEufD_2C8sDJM0CyH5PlR8rwrfVhFrPuMSrN8o-Gg=w36-h36-p-rp-mo-ba5-br100","Ruth N.G","Local Guide ﾂｷ 206 reseﾃｱas ﾂｷ 494 fotos","Hace un aﾃｱo",""
"https://lh3.googleusercontent.com/a-/ALV-UjWoBZcVVzmGUtW6zYEvWJDkdNBAkBmBSkZ87Jq-aaK1avKcme3g=w36-h36-p-rp-mo-ba6-br100","ivaylo giorev","Local Guide ﾂｷ 541 reseﾃｱas ﾂｷ 200 fotos","Hace un aﾃｱo",""
"https://lh3.googleusercontent.com/a/ACg8ocJqfto9RUdEPOoPiPBLeAs8JOoRhWeODC0xKD3Tr5U0VbhLHQ=w36-h36-p-rp-mo-ba2-br100","Jorge","Local Guide ﾂｷ 5 reseﾃｱas","Hace un aﾃｱo",""
"https://lh3.googleusercontent.com/a-/ALV-UjXRf8F_REfW7ZFTi0MQTKCgfljQDA4y_t_mg6V14h2zlXlG8wOF=w36-h36-p-rp-mo-ba3-br100","Musa Musa","Local Guide ﾂｷ 17 reseﾃｱas","Hace un aﾃｱo",""
"https://lh3.googleusercontent.com/a-/ALV-UjUHIbqfXl5ywzIWsq58uowFZf62gssLjkL2KS36DfvAAWyfOoEI=w36-h36-p-rp-mo-ba4-br100","Ana Casado Garcﾃｭa","Local Guide ﾂｷ 60 reseﾃｱas ﾂｷ 11 fotos","Hace un aﾃｱo",""
"https://lh3.googleusercontent.com/a-/ALV-UjXM-bzKuv7PfcWItTmhQzh2vKaB4TqYE-IN4Bl0eUNRsIz7xuM1eg=w36-h36-p-rp-mo-ba5-br100","Santiago Garcia","Local Guide ﾂｷ 93 reseﾃｱas ﾂｷ 150 fotos","Hace un aﾃｱo",""
"https://lh3.googleusercontent.com/a/ACg8ocJwCu9nx6jrPJfWMEeygB4a2IgKobotnk7r08cQvbXr0fWKfA=w36-h36-p-rp-mo-ba3-br100","Rufino Soto Lozano","Local Guide ﾂｷ 7 reseﾃｱas","Hace un aﾃｱo",""
"https://lh3.googleusercontent.com/a/ACg8ocJCMhTmGdsq3LAcklOCLYWKeA7Z1KiKUi7BMgcW2kIQrvKKMw=w36-h36-p-rp-mo-ba3-br100","Sandri Carmo","Local Guide ﾂｷ 21 reseﾃｱas ﾂｷ 13 fotos","Hace un aﾃｱo",""
"https://lh3.googleusercontent.com/a-/ALV-UjUCzJE7b2JpvN-_TP__iQOEZe4B52iCTwAPGKrKoaQ_Pj7TbhI=w36-h36-p-rp-mo-br100","Antonio Durﾃ｡n","11 reseﾃｱas","Hace un aﾃｱo",""
"https://lh3.googleusercontent.com/a-/ALV-UjUaYq-otopIHMs8pv6nF4O7Flr3MfiGk7S8jOpCU4hGag1MphA=w36-h36-p-rp-mo-br100","Jordi Porta","17 reseﾃｱas","Hace un aﾃｱo",""
"https://lh3.googleusercontent.com/a/ACg8ocL-p61yd5Q6RjNx0Kk8HHn81Dl7R-z8YsyDILEIWZNm-EVtqw=w36-h36-p-rp-mo-ba4-br100","babacar sarr","Local Guide ﾂｷ 19 reseﾃｱas","Hace un aﾃｱo",""
"https://lh3.googleusercontent.com/a/ACg8ocLOYd0dXPI1DOQmd597aQqHvmGxusxJbwnkuxNIDbb1b8GOmA=w36-h36-p-rp-mo-ba3-br100","Marﾃｭa Diaz","Local Guide ﾂｷ 5 reseﾃｱas","Hace un aﾃｱo",""
"https://lh3.googleusercontent.com/a-/ALV-UjXHGsjd0joqIf3U3zu_bapnnQvC-y_9nGFdrWPq4czwZmx5yUNM=w36-h36-p-rp-mo-ba3-br100","Javier Torres","Local Guide ﾂｷ 5 reseﾃｱas","Hace un aﾃｱo",""
"https://lh3.googleusercontent.com/a-/ALV-UjVDXjxyfgzgHJPoAoh2PLJjl5lVMPpRs7UBtTt8pcpuKeM8WOUh=w36-h36-p-rp-mo-ba6-br100","Jose Castro","Local Guide ﾂｷ 10 reseﾃｱas ﾂｷ 43 fotos","Hace un aﾃｱo",""
"https://lh3.googleusercontent.com/a/ACg8ocJLRpPdz0X2dZG5-6jNaYhQF6jIrnvYloHYfjwwcxF-wPkWeg=w36-h36-p-rp-mo-ba4-br100","Miguel Martinez Zazo","Local Guide ﾂｷ 41 reseﾃｱas ﾂｷ 10 fotos","Hace un aﾃｱo",""
"https://lh3.googleusercontent.com/a-/ALV-UjW682L-NBnbMKgQF94evVz2OAxm_GiguBfctssJiZNOLGyQi-vT=w36-h36-p-rp-mo-ba3-br100","Arnaud Raoux","Local Guide ﾂｷ 50 reseﾃｱas","Hace un aﾃｱo",""
"https://lh3.googleusercontent.com/a/ACg8ocJXxoYdDmowDT4ardxQS-XM_fOfPiTBedH5XKJmEPt-cd2fmA=w36-h36-p-rp-mo-ba5-br100","julio peromingo","Local Guide ﾂｷ 4 reseﾃｱas ﾂｷ 150 fotos","Hace un aﾃｱo",""
"https://lh3.googleusercontent.com/a-/ALV-UjVUSc1G2NypHKbGfght3ebgPpX5LOyLOGimJgXNcmJbleavD4qm=w36-h36-p-rp-mo-ba4-br100","Ricardo Oliva","Local Guide ﾂｷ 118 reseﾃｱas ﾂｷ 219 fotos","Hace un aﾃｱo",""
"https://lh3.googleusercontent.com/a/ACg8ocIxLJ3DedyNSpnCdEGr71GKhUt4rEOPq4N7MvC64HhHEhNPJQ=w36-h36-p-rp-mo-ba5-br100","Carlos Labrado","Local Guide ﾂｷ 111 reseﾃｱas ﾂｷ 5 fotos","Hace un aﾃｱo",""
"https://lh3.googleusercontent.com/a-/ALV-UjUBuBDSX29sucG90_hqqsHvKsyJZTZOMQxEftnDtsqt-qqMNMG0XA=w36-h36-p-rp-mo-ba6-br100","Berenice Martinez Bravo","Local Guide ﾂｷ 356 reseﾃｱas ﾂｷ 966 fotos","Hace un aﾃｱo",""
"https://lh3.googleusercontent.com/a-/ALV-UjW_Br9oY9uLPxVoe1XmcslpfL9WQPe7TwKKAuyG60_K8ZFfn65i=w36-h36-p-rp-mo-ba4-br100","Manu","Local Guide ﾂｷ 47 reseﾃｱas","Hace un aﾃｱo",""
"https://lh3.googleusercontent.com/a/ACg8ocJWdtyR7EiRQYDa52o8HaSeqc7WIm5twaEAh1rE-8F2f278IQ=w36-h36-p-rp-mo-ba3-br100","juan motilla del palancar","Local Guide ﾂｷ 11 reseﾃｱas","Hace 2 aﾃｱos",""
"https://lh3.googleusercontent.com/a/ACg8ocITKbQ8nuoCRuvIyQqEFG2DbvAps7McFn26OMUbX4wmxepyPQ=w36-h36-p-rp-mo-ba3-br100","Erika Salvador","Local Guide ﾂｷ 69 reseﾃｱas ﾂｷ 7 fotos","Hace 2 aﾃｱos",""
"https://lh3.googleusercontent.com/a-/ALV-UjXhBtHdah7NLdLCsbnh_qD1cpX6HiDxFKFUSp73hBwbIo4BQ-C8=w36-h36-p-rp-mo-ba4-br100","Eduardo Santos Hernandez Lareu","Local Guide ﾂｷ 20 reseﾃｱas ﾂｷ 6 fotos","Hace 2 aﾃｱos",""
"https://lh3.googleusercontent.com/a-/ALV-UjWsKgwjV1ZO2MzZDHXFjvCFYgTTWGujXyOGuP9iIiOM2rJZpSU=w36-h36-p-rp-mo-ba4-br100","Juan Pedro Bravo Prieto","Local Guide ﾂｷ 31 reseﾃｱas","Hace 2 aﾃｱos",""
"https://lh3.googleusercontent.com/a/ACg8ocJnWDu9NsXRchL6i9zr6g_nsh6yQxkhUbk-uU5E3n63tqTvuw=w36-h36-p-rp-mo-ba3-br100","Maria Jose Paredes","Local Guide ﾂｷ 16 reseﾃｱas ﾂｷ 6 fotos","Hace 2 aﾃｱos",""
"https://lh3.googleusercontent.com/a/ACg8ocIB6Q7h7XxzmlY2jTjt4-PODRT-pcS8SnSWTJ6ZT1iBit8mvA=w36-h36-p-rp-mo-ba3-br100","raul perez torrejon","Local Guide ﾂｷ 30 reseﾃｱas ﾂｷ 2 fotos","Hace 2 aﾃｱos",""
"https://lh3.googleusercontent.com/a/ACg8ocLcBwiEEOCCVQJDw57ZOLH4iq-nB67nRDlTrSwUIUgVBRn-9Q=w36-h36-p-rp-mo-ba5-br100","Josﾃｩ Martinez","Local Guide ﾂｷ 112 reseﾃｱas","Hace 2 aﾃｱos",""
"https://lh3.googleusercontent.com/a-/ALV-UjVlpMgn7ErhGCQrkRiq7U4Mnl8reKnphLPO9metCihIVKATYljS=w36-h36-p-rp-mo-ba4-br100","Michel Tovar","Local Guide ﾂｷ 3 reseﾃｱas","Hace 2 aﾃｱos",""
"https://lh3.googleusercontent.com/a/ACg8ocLa4l3_pCDP_BFWyYmaS7l5lLZdGE39qAPGIvJr-1K__Yv15P0=w36-h36-p-rp-mo-ba5-br100","Laura Martin","Local Guide ﾂｷ 116 reseﾃｱas ﾂｷ 7 fotos","Hace 2 aﾃｱos",""
"https://lh3.googleusercontent.com/a-/ALV-UjVZZ4NNvBfi8vqtUrGTNegNlMAj53IEU06FIoySeZPLanQcG9zY=w36-h36-p-rp-mo-ba4-br100","Vicent Fullana","Local Guide ﾂｷ 49 reseﾃｱas ﾂｷ 8 fotos","Hace 2 aﾃｱos",""
"https://lh3.googleusercontent.com/a-/ALV-UjW4w0365hF8_uRgpQ44_SRwEUgPsrPXuY4GN2LiB03j2KVWcdSD=w36-h36-p-rp-mo-ba2-br100","OscarJ Nieto","Local Guide ﾂｷ 8 reseﾃｱas ﾂｷ 2 fotos","Hace 2 aﾃｱos",""
"https://lh3.googleusercontent.com/a-/ALV-UjWyOBiJvQHy8TN38eB5aq8FnksAylW07cNTllWUTeQp5Q6m66Sb=w36-h36-p-rp-mo-ba7-br100","Marcos Cabrera Garcﾃｭa","Local Guide ﾂｷ 361 reseﾃｱas ﾂｷ 9.932 fotos","Hace 2 aﾃｱos",""
"https://lh3.googleusercontent.com/a-/ALV-UjVgaueIJ7EUkCRx7z_vQjfxsQiwK4m1S9Tl0uX9UjKegbppcAO9=w36-h36-p-rp-mo-ba3-br100","Diomer Garcﾃｭa","Local Guide ﾂｷ 55 reseﾃｱas ﾂｷ 24 fotos","Hace 2 aﾃｱos",""
"https://lh3.googleusercontent.com/a/ACg8ocJjTSAXvq4BP2E5gl9F2GT4OtjwTD1GkUyjlHMHAGn0Z_rsYQ=w36-h36-p-rp-mo-br100","Elibeth Del pino guedez","2 reseﾃｱas ﾂｷ 4 fotos","Hace 2 aﾃｱos",""
"https://lh3.googleusercontent.com/a/ACg8ocJlGTLmUygrXGLe5bKIYrOKnOEGq_mARnob5paNEkXyPuBxv-8=w36-h36-p-rp-mo-ba3-br100","Gabriel Olariu","Local Guide ﾂｷ 73 fotos","Hace 2 aﾃｱos",""
"https://lh3.googleusercontent.com/a-/ALV-UjVrAdhXHk8PvJRPiXIn5DeYme9WxUFnDMa21L3x4PaD91yT2rCdUw=w36-h36-p-rp-mo-ba4-br100","JULIAN, C","Local Guide ﾂｷ 108 reseﾃｱas ﾂｷ 106 fotos","Hace 2 aﾃｱos",""
"https://lh3.googleusercontent.com/a-/ALV-UjUOJ-_WPocmp--lZzFuqrH-ZHrjWL5pOgMBhL7BCKEfwrbKZViFSg=w36-h36-p-rp-mo-ba5-br100","Esther Garrido","Local Guide ﾂｷ 94 reseﾃｱas ﾂｷ 1.196 fotos","Hace 2 aﾃｱos",""
"https://lh3.googleusercontent.com/a/ACg8ocKkHYkDvrSKaiQmfyzVHbBeBgnhKJ9nvF1s4nHa5Jt-L3tnCwQ=w36-h36-p-rp-mo-ba5-br100","Fabiﾃ｡n Domﾃｭnguez Pﾃｩrez","Local Guide ﾂｷ 266 reseﾃｱas ﾂｷ 652 fotos","Hace 2 aﾃｱos",""
"https://lh3.googleusercontent.com/a/ACg8ocIY9eRhMNkln9htxCcsnnZfUMA5jHGe7oFJhOyyhbpyKsQLzMo=w36-h36-p-rp-mo-ba3-br100","Luz","Local Guide ﾂｷ 43 reseﾃｱas ﾂｷ 10 fotos","Hace 3 aﾃｱos",""
"https://lh3.googleusercontent.com/a-/ALV-UjW4qclYcfTsoibdOt8E2PQY7-NP5kJvhUov2X845yVxlDBsueXNag=w36-h36-p-rp-mo-ba3-br100","Resubarahona Barahona Barbolla","Local Guide ﾂｷ 14 reseﾃｱas ﾂｷ 54 fotos","Hace 3 aﾃｱos",""
"https://lh3.googleusercontent.com/a-/ALV-UjX_WnlEGJfTEyDOGGmTvSqjPcmwIQwJcCAloGWWDO8s7ff-h6CKAA=w36-h36-p-rp-mo-ba5-br100","Avelino Navarro","Local Guide ﾂｷ 79 reseﾃｱas ﾂｷ 373 fotos","Hace 3 aﾃｱos",""
"https://lh3.googleusercontent.com/a-/ALV-UjWnR5xdunhaxjShHYMv0XYgMkXxmlGpKFvbocjtd6dNK0ww1EU=w36-h36-p-rp-mo-br100","MARZENA SALISZ","1 reseﾃｱa","Hace 3 aﾃｱos",""
"https://lh3.googleusercontent.com/a/ACg8ocKXIyWgUhT4-jsigpS0oZlnVjAQ8dofL-DICw1mOCdyQvoSUw=w36-h36-p-rp-mo-ba2-br100","Gabriel Cﾄフﾄネin Olariu","Local Guide","Hace 3 aﾃｱos",""
"https://lh3.googleusercontent.com/a-/ALV-UjVKzN9wVIzDZoO2ayl-C2jRkUaKZPm5max3TmrJWnX_X1BNtisH=w36-h36-p-rp-mo-br100","Belen Romer","15 reseﾃｱas ﾂｷ 2 fotos","Hace 3 aﾃｱos",""
"https://lh3.googleusercontent.com/a/ACg8ocLCqO-Js3adVOLYEQrdUzGXRkbEokPwJ9927LY7QISQtnqIAw=w36-h36-p-rp-mo-ba2-br100","Sara Ramirez Arroyave","Local Guide ﾂｷ 9 reseﾃｱas","Hace 3 aﾃｱos",""
"https://lh3.googleusercontent.com/a-/ALV-UjU6QfFZkO72PjmMaP7bhxFi7u893-2WxOWBKAbTVXReFisjUZlk=w36-h36-p-rp-mo-br100","ﾃ瑛len Oliveira","6 reseﾃｱas","Hace 3 aﾃｱos",""
"https://lh3.googleusercontent.com/a-/ALV-UjUOto8WtdLr-7fpNQNFvPyesue73gCkmv7P55nn8CVR9a9Jsa8sWg=w36-h36-p-rp-mo-ba4-br100","kenjer Jimenez","Local Guide ﾂｷ 23 reseﾃｱas ﾂｷ 234 fotos","Hace 3 aﾃｱos",""
"https://lh3.googleusercontent.com/a-/ALV-UjVUgFTH9WpDv30fmtXdgXcU3fYnfNeRkdXb4XNBfIfC9-EQ5SSSDg=w36-h36-p-rp-mo-ba5-br100","Ricardo Caulin","Local Guide ﾂｷ 101 reseﾃｱas ﾂｷ 979 fotos","Hace 3 aﾃｱos",""
"https://lh3.googleusercontent.com/a-/ALV-UjWWHr5y0869Kakq8cnM9XBivOpw4jDTpRnULD-bJFA_SQZ8ULLv=w36-h36-p-rp-mo-ba4-br100","m isabel diaz flores","Local Guide ﾂｷ 141 reseﾃｱas ﾂｷ 15 fotos","Hace 4 aﾃｱos",""
"https://lh3.googleusercontent.com/a-/ALV-UjUxBUoXesiZtN16kvmDGSH_GsgBZeHztFK_ZuWR7D4NCPrWGRM1Dw=w36-h36-p-rp-mo-ba4-br100","aliciax. rg","Local Guide ﾂｷ 46 reseﾃｱas ﾂｷ 116 fotos","Hace 4 aﾃｱos",""
"https://lh3.googleusercontent.com/a/ACg8ocLXCxP4AXnkgFeGnXDMUFCcq1gJlFeoyFgNpEC_J3ijUropQw=w36-h36-p-rp-mo-ba3-br100","Alvaro Fernandez","Local Guide ﾂｷ 6 reseﾃｱas ﾂｷ 6 fotos","Hace 4 aﾃｱos",""
"https://lh3.googleusercontent.com/a-/ALV-UjVcG1QfbnOadev-x3v0drlBH5d7aEROJR8eKr7MmleyIgxnSjgE=w36-h36-p-rp-mo-ba3-br100","Luis Enrique Correia Torrealba","Local Guide ﾂｷ 24 reseﾃｱas ﾂｷ 26 fotos","Hace 4 aﾃｱos",""
"https://lh3.googleusercontent.com/a-/ALV-UjUUJeJIERCDGtIONV2yb0JTRHGxe3GUUR6AmbYLQgar0fvAxxo=w36-h36-p-rp-mo-br100","Aitor Martﾃｭn Areta","13 reseﾃｱas","Hace 4 aﾃｱos",""
"https://lh3.googleusercontent.com/a-/ALV-UjX_xsuR7E4r35lAou37f2nFa9tBX6nh5n2BKTUEfP6STvpg9nvO=w36-h36-p-rp-mo-ba7-br100","Gabriel Manquillo","Local Guide ﾂｷ 221 reseﾃｱas ﾂｷ 8.488 fotos","Hace 4 aﾃｱos",""
"https://lh3.googleusercontent.com/a-/ALV-UjUPAPj-cLtgiIHxvFVUGX0vFhP2vZOO-hF7vH06W9hPhdTXyvtXHQ=w36-h36-p-rp-mo-ba5-br100","Juan Carlos Rodriguez","Local Guide ﾂｷ 9 reseﾃｱas ﾂｷ 100 fotos","Hace 4 aﾃｱos",""
"https://lh3.googleusercontent.com/a-/ALV-UjU3vSLe86bBe0okrLoTxHFcVqgTVUz3bXnqPO0IR2cmpvK3m_y0qg=w36-h36-p-rp-mo-ba6-br100","Lener Silva","Local Guide ﾂｷ 80 reseﾃｱas ﾂｷ 3.468 fotos","Hace 4 aﾃｱos",""
"https://lh3.googleusercontent.com/a/ACg8ocIlEmM9Ymt56Oh85ZwIVkGQVSuNvhTUqUMP3fHkElJH6-JC2w=w36-h36-p-rp-mo-ba5-br100","Javier Adrian","Local Guide ﾂｷ 106 reseﾃｱas ﾂｷ 163 fotos","Hace 4 aﾃｱos",""
"https://lh3.googleusercontent.com/a/ACg8ocI5fbna-S3XvzKHEPRkpWNBkZX-y1U9vC4xAVCdmfgWGmkXfQ=w36-h36-p-rp-mo-ba5-br100","Martina Smith","Local Guide ﾂｷ 284 reseﾃｱas ﾂｷ 126 fotos","Hace 4 aﾃｱos",""
"https://lh3.googleusercontent.com/a/ACg8ocKYaL6BvTQPZZvhhSS-YFD3tRXw_s4GwYRP11IhRR6ZeV8M5Q=w36-h36-p-rp-mo-br100","Paula Avila","2 reseﾃｱas","Hace 4 aﾃｱos",""
"https://lh3.googleusercontent.com/a/ACg8ocJ9DZ4_KF4nkCmgDYJ3uLnbEAEjBFj1J7uhdh_HbZWWWjIowA=w36-h36-p-rp-mo-br100","Juan Josﾃｩ Gonzﾃ｡lez Petite","","Hace 4 aﾃｱos",""
"https://lh3.googleusercontent.com/a/ACg8ocLoKlPSrnTx-CztJkCM-3fPLO4bDLyz2UmA8F1B8ECuVK8kUQ=w36-h36-p-rp-mo-ba3-br100","Enrique Aramburu","Local Guide ﾂｷ 2 reseﾃｱas","Hace 4 aﾃｱos",""
"https://lh3.googleusercontent.com/a/ACg8ocLwHqWBLwP41iL_KoOpAh9pyaSFZiaH0P0QBH4X3N_8tMCG8A=w36-h36-p-rp-mo-ba2-br100","Virginia Plaza Malla","Local Guide ﾂｷ 2 reseﾃｱas","Hace 4 aﾃｱos",""
"https://lh3.googleusercontent.com/a-/ALV-UjVYFB9_nwnT1mxezy2cZmSqNepTiFxX-4R1d5djbYHr9Mqt2rL8cA=w36-h36-p-rp-mo-ba5-br100","Gonzalo Martﾃｭn","Local Guide ﾂｷ 137 reseﾃｱas ﾂｷ 464 fotos","Hace 4 aﾃｱos",""
"https://lh3.googleusercontent.com/a-/ALV-UjVfz-eGDvmoqvCL_m0SvETC-hKm4rBNBp7fHP8s5KA1zUEOtwj7=w36-h36-p-rp-mo-ba5-br100","Grzegorz Chlubek","Local Guide ﾂｷ 196 reseﾃｱas ﾂｷ 277 fotos","Hace 4 aﾃｱos",""
"https://lh3.googleusercontent.com/a-/ALV-UjUCMw5dCqhuPl6Xk7adt0OwHeXGJV8X2hrBbwdrOtcEWlXJG3E1=w36-h36-p-rp-mo-ba4-br100","Eva Mistura","Local Guide ﾂｷ 13 reseﾃｱas ﾂｷ 100 fotos","Hace 4 aﾃｱos",""
"https://lh3.googleusercontent.com/a/ACg8ocJAJ2Mbk9Bf2CLHICcBUw76WFL0p74YmREZOWXiLc-Rm5oFRg=w36-h36-p-rp-mo-ba5-br100","Josﾃｩ Francisco Reina Barbero","Local Guide ﾂｷ 131 reseﾃｱas ﾂｷ 14 fotos","Hace 5 aﾃｱos",""
"https://lh3.googleusercontent.com/a-/ALV-UjUMeWd_eoeGLQbbNu2IqT_zGKik9xWAo2-jatlSB5GCFxqWeXfI=w36-h36-p-rp-mo-ba2-br100","Gabriel Santo","Local Guide ﾂｷ 2 reseﾃｱas","Hace 5 aﾃｱos",""
"https://lh3.googleusercontent.com/a-/ALV-UjXKYV3PGFhmnPj6fNuyDd0WotXLs1kRy4LYhwULc5YnoLnrj4dA=w36-h36-p-rp-mo-ba4-br100","Josﾃｩ Cﾃｩsar Pﾃｩrez Castaﾃｱo","Local Guide ﾂｷ 30 reseﾃｱas ﾂｷ 34 fotos","Hace 5 aﾃｱos",""
"https://lh3.googleusercontent.com/a/ACg8ocIiqQk8NKGIFWx9SpPy30HqcdJ7S7c8y6QPVCRIUYEacInZHw=w36-h36-p-rp-mo-br100","Dd A","","Hace 5 aﾃｱos",""
"https://lh3.googleusercontent.com/a-/ALV-UjUYrRzexuFYpU7rZAdcmbgGVz2PpqIDTfykQmNozEqqq9iSUOvKrA=w36-h36-p-rp-mo-ba3-br100","David Bonilla","Local Guide ﾂｷ 5 reseﾃｱas ﾂｷ 48 fotos","Hace 6 aﾃｱos",""
"https://lh3.googleusercontent.com/a-/ALV-UjWP4D9R6VxmsklB2hiS06eKojTHKghnlxk-TWZEN_gn_Wwnqhs4=w36-h36-p-rp-mo-br100","Delimar Serrano","","Hace 6 aﾃｱos",""
"https://lh3.googleusercontent.com/a-/ALV-UjVNh6GXnixAhe6Du5lLofMhOpsm7tketyQKgkiNqjh2x2eCTFIJ=w36-h36-p-rp-mo-ba2-br100","Alex Alcﾃ｡zar","Local Guide ﾂｷ 4 reseﾃｱas","Hace 6 aﾃｱos",""
"https://lh3.googleusercontent.com/a-/ALV-UjURmhOabFluygumdqYFtDoujU5lWeSEYTT7G3wVxEfTUBGOAMI=w36-h36-p-rp-mo-br100","Elizabeth Cardoso","","Hace 6 aﾃｱos",""
"https://lh3.googleusercontent.com/a-/ALV-UjVmwL9DI5sxgFjQrzaZXc5sC_u4DVon6MnybpYNbmduPuQ_djxG=w36-h36-p-rp-mo-br100","Snezhana MNova","1 foto","Hace 6 aﾃｱos",""
"https://lh3.googleusercontent.com/a-/ALV-UjW6b3VvBXMTAl2hSohQc-igq7Wyy8ubJioDxVuY8sqDrnPeEbMv=w36-h36-p-rp-mo-br100","Maria Jose Peralbo","1 reseﾃｱa","Hace 6 aﾃｱos",""
"https://lh3.googleusercontent.com/a/ACg8ocLzqkcDOUGst5cWySS8d_BoKqxRchb6Kh7pbO5ikP2d1YRvAw=w36-h36-p-rp-mo-br100","Cris Robledo","2 reseﾃｱas ﾂｷ 4 fotos","Hace 6 aﾃｱos",""
"https://lh3.googleusercontent.com/a-/ALV-UjUc-PDOMhT-OfANTxo9OpP6tq3iSNj_aJPHntGbYPGjOjyJs5rD=w36-h36-p-rp-mo-ba4-br100","Sergio Sﾃ｡nchez Caballero","Local Guide ﾂｷ 65 reseﾃｱas ﾂｷ 93 fotos","Hace 6 aﾃｱos",""
"https://lh3.googleusercontent.com/a/ACg8ocL-j4ttZ3wNnckmIsUYM2T7kU_WQs_kFD_MH0nFb0Zkzf2KwA=w36-h36-p-rp-mo-br100","MARIA KALO","","Hace 6 aﾃｱos",""
"https://lh3.googleusercontent.com/a-/ALV-UjVmejfbde58BcloRc1b84vhIcBhFFTOTlnVDZOO4sps8vFG9YcD=w36-h36-p-rp-mo-br100","Jessica Aristizabal","4 reseﾃｱas","Hace 6 aﾃｱos",""
"https://lh3.googleusercontent.com/a/ACg8ocJmH-1TKr1DGvxijmuCICd1rIQZSHYJuA4IJh6kt4saSx7Ocg=w36-h36-p-rp-mo-ba6-br100","Vanessa","Local Guide ﾂｷ 26 reseﾃｱas ﾂｷ 307 fotos","Hace 6 aﾃｱos",""
"https://lh3.googleusercontent.com/a-/ALV-UjUJOsOwDw1L4Xbb6kBoE7_0KQOcvPBTtVwzPDTiDo8XrzUlqxk=w36-h36-p-rp-mo-ba4-br100","Henry Dulon Hernandez (H3Nutcracker)","Local Guide ﾂｷ 35 reseﾃｱas ﾂｷ 15 fotos","Hace 7 aﾃｱos",""
"https://lh3.googleusercontent.com/a-/ALV-UjUfwJgi-XW2W36XLVNiMXnYQfPZQrRwMojFECIJdi0ez5aAd78=w36-h36-p-rp-mo-ba2-br100","tu prima la del barrio","Local Guide ﾂｷ 4 reseﾃｱas","Hace 7 aﾃｱos",""
"https://lh3.googleusercontent.com/a/ACg8ocKr6yJWwEcv-_KkdJrLnBpPmP8QGKH19LecsNqG2hbc7YTPHw=w36-h36-p-rp-mo-br100","Miguel Fernﾃ｡ndez-Caballero","1 reseﾃｱa","Hace 7 aﾃｱos",""
"https://lh3.googleusercontent.com/a-/ALV-UjVbR_zpKoBGLF-4-D8fKDTQkeQ-DimF9PXg8C9GC6F0ckLIg6o=w36-h36-p-rp-mo-ba4-br100","Rober Fernandez","Local Guide ﾂｷ 39 reseﾃｱas ﾂｷ 63 fotos","Hace 7 aﾃｱos",""
"https://lh3.googleusercontent.com/a-/ALV-UjX9T1DJ6OYN1H0shMNHOvGhzbVjsu3yC6gP1LHdjyQL_SOMVTgL=w36-h36-p-rp-mo-ba5-br100","Pedro Da Veiga","Local Guide ﾂｷ 41 reseﾃｱas ﾂｷ 64 fotos","Hace 7 aﾃｱos",""
"https://lh3.googleusercontent.com/a/ACg8ocIxzYMEivZ8fjKMY2175si1v-pHHfu-QEibmwOZkD9QLrDZOA=w36-h36-p-rp-mo-br100","Javier BG","","Hace 8 aﾃｱos",""
"https://lh3.googleusercontent.com/a/ACg8ocKwgJ93umM3TSUT9xUFALLBLaT9H2-OaorZsBGemhvNw1zOKQ=w36-h36-p-rp-mo-br100","Marta Blazquez","1 reseﾃｱa","Hace 8 aﾃｱos",""
"https://lh3.googleusercontent.com/a-/ALV-UjVrEFvpU4eylaxE79ozYBGqks9TsebEHZNXErZie9iOd9Z7jGWG=w36-h36-p-rp-mo-ba3-br100","MARIA DE GRACIA IBAﾃ薦Z LUNA","Local Guide ﾂｷ 11 reseﾃｱas ﾂｷ 55 fotos","Hace 8 aﾃｱos",""
"https://lh3.googleusercontent.com/a-/ALV-UjUi60dsKy2YeERMHf08shPLrWj61omrbcbCZgSPk61846yEbXi7NA=w36-h36-p-rp-mo-ba5-br100","Albert Isern Alvarez","Local Guide ﾂｷ 119 reseﾃｱas ﾂｷ 2.152 fotos","Hace 8 aﾃｱos",""